CustomerID,Recency,Frequency,Monetary,Churn_Probability
12346.0,325,1,77183.6,0.63
12347.0,1,7,4310.0,0.03
12348.0,74,4,1797.24,0.08
12349.0,18,1,1757.55,0.72
12350.0,309,1,334.4,0.57
12352.0,35,8,2506.04,0.09
12353.0,203,1,89.0,0.88
12354.0,231,1,1079.4,0.83
12355.0,213,1,459.4,0.93
12356.0,22,3,2811.43,0.17
12357.0,32,1,6207.67,0.52
12358.0,1,2,1168.06,0.55
12359.0,57,4,6372.58,0.22
12360.0,51,3,2662.06,0.49
12361.0,286,1,189.9,0.22
12362.0,2,10,5226.23,0.0
12363.0,109,2,552.0,0.24
12364.0,7,4,1313.1,0.13
12365.0,290,2,641.38,0.54
12367.0,3,1,168.9,0.17
12370.0,50,4,3545.69,0.38
12371.0,44,2,1887.96,0.13
12372.0,71,3,1298.04,0.26
12373.0,310,1,364.6,0.66
12374.0,24,1,742.93,0.8
12375.0,10,2,457.5,0.67
12377.0,314,2,1628.12,0.53
12378.0,129,1,4008.62,0.45
12379.0,81,2,852.24,0.59
12380.0,21,4,2724.81,0.13
12381.0,4,5,1845.31,0.06
12383.0,184,5,1850.56,0.35
12384.0,28,2,585.27,0.63
12386.0,337,2,401.9,0.51
12388.0,15,6,2780.66,0.15
12390.0,79,1,549.84,0.26
12391.0,21,1,460.89,0.53
12393.0,71,4,1582.6,0.24
12394.0,63,2,1272.48,0.29
12395.0,18,12,3018.63,0.0
12397.0,35,2,2409.9,0.1
12398.0,45,1,1635.66,0.74
12399.0,118,4,1108.65,0.15
12401.0,302,1,84.3,0.93
12402.0,322,1,225.6,0.27
12403.0,49,1,427.7,0.64
12405.0,148,1,1710.39,0.54
12406.0,21,2,3415.3,0.14
12407.0,49,5,1708.12,0.1
12408.0,32,5,2888.55,0.12
12409.0,78,3,11072.67,0.15
12410.0,308,2,693.33,0.46
12412.0,74,3,1226.88,0.05
12413.0,66,3,758.1,0.69
12414.0,216,3,562.41,0.29
12415.0,23,21,124914.53,0.02
12417.0,2,9,3649.1,0.05
12418.0,112,1,668.58,0.6
12420.0,63,1,600.39,0.35
12421.0,15,4,807.04,0.13
12422.0,95,3,803.56,0.45
12423.0,0,8,1859.31,0.12
12424.0,162,2,1760.96,0.15
12425.0,77,1,777.2,0.45
12426.0,194,1,582.73,0.48
12427.0,21,3,825.8,0.31
12428.0,25,9,7956.46,0.0
12429.0,8,4,3750.4,0.07
12430.0,42,1,256.4,0.89
12431.0,35,15,6487.45,0.06
12432.0,42,5,5059.32,0.0
12433.0,0,7,13375.87,0.16
12434.0,84,2,806.14,0.25
12435.0,79,2,7829.89,0.27
12436.0,99,1,509.01,0.64
12437.0,1,18,4951.41,0.0
12438.0,13,2,2906.85,0.26
12441.0,366,1,173.55,0.35
12442.0,2,1,172.06,0.28
12444.0,20,5,5005.46,0.0
12445.0,21,1,133.4,0.44
12446.0,57,1,1002.31,0.65
12447.0,242,1,476.49,0.88
12448.0,43,1,449.45,0.82
12449.0,21,4,4067.29,0.05
12450.0,155,2,197.88,0.73
12451.0,10,5,9035.52,0.2
12452.0,16,2,430.57,0.6
12453.0,133,1,707.09,0.48
12454.0,55,1,3528.34,0.56
12455.0,72,6,2466.86,0.06
12456.0,43,3,3181.04,0.55
12457.0,65,7,2363.23,0.05
12458.0,70,2,947.4,0.35
12461.0,93,2,826.88,0.46
12462.0,18,2,1189.59,0.14
12463.0,52,4,1344.78,0.11
12464.0,9,8,1212.05,0.06
12465.0,16,2,742.19,0.38
12468.0,187,2,729.54,0.42
12471.0,1,30,19824.05,0.0
12472.0,31,7,6572.11,0.02
12473.0,28,5,3938.55,0.03
12474.0,16,18,7375.79,0.0
12475.0,53,1,723.38,0.63
12476.0,15,11,6816.42,0.02
12477.0,22,6,13219.74,0.38
12478.0,3,1,680.99,0.39
12479.0,10,1,527.2,0.49
12480.0,27,4,3281.63,0.21
12481.0,22,10,5596.32,0.0
12483.0,16,8,2484.98,0.01
12484.0,32,6,4541.72,0.2
12488.0,9,3,1298.66,0.85
12489.0,335,1,334.93,0.57
12490.0,4,10,5417.93,0.0
12491.0,38,1,460.4,0.33
12492.0,62,2,263.21,0.27
12493.0,165,2,433.74,0.97
12494.0,15,7,1246.1,0.01
12497.0,81,1,1043.1,0.75
12498.0,20,3,403.7,0.81
12500.0,22,11,4257.82,0.0
12501.0,336,1,2169.39,0.65
12502.0,95,5,3723.87,0.31
12504.0,17,2,482.05,0.31
12506.0,232,1,73.5,0.94
12507.0,133,3,1304.81,0.41
12508.0,25,2,398.27,0.24
12509.0,283,1,176.5,0.3
12510.0,142,2,982.57,0.54
12512.0,65,2,138.03,0.96
12513.0,112,1,612.29,0.73
12514.0,266,1,1017.68,0.6
12515.0,352,1,383.7,0.44
12516.0,77,2,1312.06,0.62
12517.0,27,5,2502.84,0.0
12518.0,0,5,2056.89,0.0
12519.0,63,1,340.84,0.76
12520.0,78,5,2634.26,0.18
12521.0,142,1,599.68,0.78
12522.0,38,2,192.72,0.84
12523.0,18,11,1789.77,0.02
12524.0,8,8,4485.72,0.05
12526.0,0,3,1316.66,0.55
12527.0,81,3,348.71,0.51
12528.0,8,6,1933.48,0.17
12530.0,59,4,1662.28,0.13
12531.0,14,1,125.22,0.05
12532.0,29,1,349.83,0.15
12534.0,130,1,1089.18,0.76
12535.0,91,2,716.35,0.38
12536.0,42,3,12601.83,0.43
12538.0,28,1,363.95,0.35
12539.0,21,4,5568.35,0.05
12540.0,19,17,13400.24,0.0
12541.0,29,3,981.18,0.44
12544.0,35,1,372.7,0.32
12545.0,74,2,1000.39,0.74
12546.0,46,2,1161.5,0.24
12547.0,197,2,207.8,0.66
12548.0,165,1,95.2,0.36
12550.0,78,1,964.83,0.56
12551.0,357,1,168.0,0.31
12552.0,38,2,437.82,0.26
12553.0,7,10,3692.28,0.04
12556.0,49,2,603.71,0.45
12557.0,15,5,11990.96,0.11
12558.0,7,1,269.96,0.07
12559.0,310,2,561.71,0.45
12560.0,4,3,2134.01,0.12
12561.0,302,1,238.85,0.91
12562.0,7,7,3781.74,0.12
12564.0,260,1,456.9,0.35
12565.0,288,1,145.92,0.81
12566.0,85,1,351.65,0.97
12567.0,22,10,9401.28,0.0
12569.0,1,32,4124.69,0.0
12571.0,39,2,519.61,0.61
12572.0,8,2,1020.42,0.55
12573.0,226,1,160.54,0.48
12574.0,315,1,218.45,0.27
12576.0,35,5,1315.83,0.33
12577.0,34,3,657.8,0.16
12578.0,20,2,2794.51,0.13
12579.0,77,1,440.42,0.12
12580.0,246,1,415.7,0.81
12581.0,39,1,197.71,0.55
12582.0,238,2,511.36,0.57
12583.0,2,15,7281.38,0.0
12584.0,3,9,2338.15,0.0
12585.0,233,2,2040.1,0.27
12586.0,16,1,196.94,0.77
12587.0,7,1,144.0,0.37
12588.0,38,1,214.9,0.83
12589.0,28,2,646.68,0.69
12590.0,210,2,9864.26,0.58
12591.0,316,1,452.85,0.71
12592.0,91,2,437.6,0.14
12593.0,108,3,418.1,0.83
12594.0,37,10,3338.22,0.12
12596.0,50,2,618.27,0.56
12597.0,18,4,3811.22,0.05
12598.0,9,8,3023.08,0.03
12599.0,28,7,1032.58,0.08
12600.0,28,10,2599.04,0.03
12601.0,189,5,577.06,0.74
12602.0,58,1,153.12,0.64
12603.0,21,1,739.2,0.74
12604.0,78,2,254.18,0.44
12607.0,59,1,1579.51,0.75
12609.0,77,3,1126.85,0.14
12610.0,22,5,2099.54,0.04
12611.0,51,1,1193.32,0.53
12612.0,73,1,704.04,0.29
12613.0,56,5,3344.38,0.16
12614.0,277,1,315.6,0.48
12615.0,1,4,2291.19,0.21
12616.0,94,2,713.3,0.57
12617.0,28,1,355.53,0.28
12618.0,21,1,177.31,0.66
12619.0,15,9,3641.24,0.08
12620.0,14,3,1339.41,0.18
12621.0,1,20,13689.67,0.0
12622.0,231,1,180.1,0.87
12623.0,275,1,305.1,0.7
12624.0,105,2,641.13,0.37
12625.0,211,2,2683.82,0.47
12626.0,22,9,6620.48,0.01
12627.0,10,7,4478.53,0.04
12628.0,3,3,786.46,0.1
12630.0,9,2,1270.88,0.4
12631.0,56,1,640.5,0.83
12633.0,58,4,2163.98,0.11
12635.0,89,2,1689.18,0.38
12637.0,66,8,6021.9,0.03
12638.0,32,1,671.69,0.71
12639.0,238,1,486.1,0.98
12640.0,23,3,1174.58,0.14
12641.0,114,1,185.9,0.28
12642.0,24,3,1013.26,0.53
12643.0,127,6,3344.64,0.32
12644.0,129,1,477.91,0.72
12645.0,33,4,1775.18,0.18
12646.0,4,2,1346.97,0.51
12647.0,21,12,3722.82,0.11
12648.0,154,1,318.05,0.89
12649.0,106,3,623.51,0.42
12650.0,2,1,314.44,0.72
12651.0,334,1,114.0,0.84
12652.0,330,1,919.98,0.57
12653.0,148,2,2209.85,0.73
12654.0,10,5,601.98,0.38
12656.0,16,5,4051.17,0.09
12657.0,10,4,1643.18,0.54
12658.0,18,1,686.05,0.77
12659.0,29,1,91.68,0.35
12660.0,10,1,245.1,0.64
12662.0,0,11,3849.78,0.0
12664.0,7,9,4881.88,0.03
12665.0,324,1,63.0,0.92
12667.0,57,1,620.13,0.74
12668.0,11,4,3807.15,0.03
12669.0,150,3,2744.03,0.46
12670.0,9,5,2996.05,0.05
12672.0,329,1,225.9,0.29
12673.0,4,2,610.52,0.81
12674.0,38,4,1970.6,0.11
12676.0,24,6,1331.39,0.06
12678.0,41,12,17628.46,0.01
12679.0,58,4,1113.02,0.11
12680.0,0,4,862.81,0.42
12681.0,14,22,13787.54,0.0
12682.0,3,31,12288.22,0.0
12683.0,3,15,8476.57,0.0
12684.0,7,7,2283.63,0.0
12685.0,27,6,2863.08,0.02
12686.0,371,1,89.14,0.92
12688.0,113,1,4873.81,0.22
12689.0,25,2,1247.61,0.24
12690.0,205,1,389.01,0.86
12691.0,27,6,1035.8,0.34
12693.0,126,4,855.91,0.29
12694.0,69,2,869.67,0.56
12695.0,6,4,582.1,0.71
12697.0,28,3,957.59,0.13
12700.0,7,4,4939.99,0.12
12701.0,79,2,797.71,0.28
12702.0,19,1,219.0,0.59
12703.0,70,1,283.55,0.83
12704.0,6,8,2340.84,0.0
12705.0,14,9,6868.29,0.03
12707.0,291,1,603.42,0.82
12708.0,29,10,2712.91,0.0
12709.0,14,15,9736.52,0.0
12710.0,96,3,1149.02,0.32
12712.0,28,13,4396.13,0.0
12713.0,0,1,848.55,0.14
12714.0,8,5,4708.86,0.15
12715.0,105,1,353.86,0.28
12716.0,3,2,1053.49,0.64
12717.0,150,2,1030.98,0.72
12718.0,70,1,238.25,0.72
12719.0,4,2,644.95,0.6
12720.0,2,25,5781.73,0.0
12721.0,31,6,2656.13,0.05
12722.0,84,4,997.63,0.3
12723.0,3,5,725.07,0.59
12724.0,4,4,1031.41,0.77
12725.0,370,1,427.8,0.59
12726.0,27,7,2609.1,0.0
12727.0,10,7,3980.7,0.06
12728.0,70,4,836.33,0.2
12729.0,113,1,453.01,0.23
12731.0,23,12,18895.91,0.02
12732.0,179,1,236.26,0.64
12733.0,233,1,383.95,0.68
12734.0,352,1,110.4,0.84
12735.0,314,2,779.57,0.54
12736.0,332,1,234.0,0.81
12738.0,371,1,155.35,0.82
12739.0,77,2,1013.04,0.77
12740.0,63,1,427.6,0.41
12743.0,133,2,546.43,0.58
12744.0,51,7,21279.29,0.02
12747.0,1,11,4196.01,0.0
12748.0,0,209,33719.73,0.0
12749.0,3,5,4090.88,0.17
12750.0,128,1,275.88,0.29
12752.0,80,1,4366.78,0.36
12753.0,22,6,21429.39,0.38
12754.0,235,3,3010.74,0.47
12755.0,280,2,3811.95,0.53
12756.0,86,1,112.08,0.27
12757.0,15,13,7857.1,0.0
12758.0,116,2,2791.59,0.31
12759.0,51,3,1531.44,0.31
12762.0,7,2,1898.52,0.32
12763.0,137,2,494.08,0.34
12764.0,316,1,1693.88,0.53
12766.0,3,7,6989.63,0.07
12769.0,238,1,1143.6,0.66
12770.0,210,1,1351.45,0.86
12772.0,59,1,892.47,0.75
12775.0,16,5,1386.04,0.15
12778.0,19,6,822.23,0.12
12779.0,37,8,3981.36,0.1
12781.0,63,2,826.74,0.38
12782.0,4,5,2330.92,0.1
12783.0,1,6,2225.91,0.0
12784.0,8,2,574.42,0.77
12785.0,363,1,311.95,0.93
12787.0,9,3,463.66,0.34
12789.0,64,1,91.85,0.52
12790.0,191,1,324.92,0.96
12791.0,373,1,192.6,0.64
12792.0,256,1,400.54,0.51
12793.0,334,2,545.48,0.46
12794.0,52,2,860.41,0.18
12795.0,18,1,430.48,0.09
12797.0,365,1,254.03,0.8
12798.0,9,3,6977.04,0.17
12802.0,186,1,427.58,0.7
12808.0,36,3,483.65,0.21
12809.0,177,1,489.31,0.47
12811.0,260,3,514.85,0.29
12812.0,44,1,229.64,0.62
12814.0,101,1,125.92,0.71
12815.0,147,2,1063.46,0.81
12816.0,95,2,572.2,0.11
12817.0,280,1,166.04,0.16
12818.0,261,1,1542.08,0.6
12820.0,2,4,942.34,0.49
12821.0,213,1,92.72,0.88
12822.0,70,2,948.88,0.36
12823.0,74,5,1759.5,0.04
12824.0,59,1,397.12,0.09
12826.0,2,7,1474.72,0.14
12827.0,5,3,430.15,0.26
12828.0,2,6,1018.71,0.23
12829.0,336,2,293.0,0.57
12830.0,37,6,6814.64,0.44
12831.0,261,1,215.05,0.73
12832.0,31,2,383.03,0.42
12833.0,144,1,417.38,0.96
12834.0,282,1,312.38,0.89
12836.0,58,4,2612.86,0.28
12837.0,172,1,134.1,0.66
12838.0,33,2,683.13,0.43
12839.0,2,14,5591.42,0.0
12840.0,143,4,2726.77,0.17
12841.0,4,25,4022.35,0.0
12842.0,69,2,1118.99,0.59
12843.0,65,8,1702.26,0.08
12844.0,28,2,325.96,0.58
12845.0,266,4,354.09,0.64
12847.0,21,1,871.54,0.34
12849.0,30,2,1050.89,0.58
12851.0,96,1,135.18,0.99
12852.0,294,1,311.55,0.93
12853.0,134,6,1957.1,0.14
12854.0,78,3,1324.5,0.12
12855.0,372,1,38.1,0.52
12856.0,7,6,2179.93,0.01
12857.0,210,2,1106.4,0.6
12863.0,51,1,521.2,0.55
12864.0,137,1,147.12,0.81
12865.0,25,2,1568.23,0.6
12866.0,282,1,559.12,0.98
12867.0,25,7,4036.82,0.03
12868.0,185,6,1607.06,0.43
12871.0,83,2,380.64,0.58
12872.0,326,2,599.97,0.53
12873.0,281,1,374.0,0.73
12875.0,142,2,343.23,0.45
12876.0,57,2,2218.02,0.67
12877.0,3,12,1535.77,0.01
12878.0,235,2,854.99,0.5
12879.0,44,3,573.22,0.28
12881.0,275,1,298.0,0.78
12882.0,8,2,1463.04,0.42
12883.0,24,4,703.47,0.33
12884.0,87,1,309.05,0.51
12885.0,62,3,1175.22,0.04
12886.0,67,2,1378.4,0.19
12888.0,213,2,354.12,0.9
12890.0,23,1,380.47,0.74
12891.0,185,3,331.0,0.71
12893.0,30,1,188.14,0.55
12895.0,41,2,372.8,0.21
12897.0,204,2,216.5,0.61
12901.0,8,28,17654.54,0.0
12902.0,264,1,138.68,0.86
12904.0,17,2,509.58,0.35
12906.0,11,5,2919.81,0.01
12908.0,175,2,750.0,0.62
12909.0,39,5,2178.67,0.06
12910.0,22,8,3075.04,0.02
12912.0,2,5,1662.3,0.09
12913.0,4,5,2483.63,0.11
12915.0,148,2,363.65,0.81
12916.0,138,4,3006.15,0.39
12917.0,127,1,594.0,0.53
12919.0,7,6,1335.19,0.0
12920.0,16,1,164.23,0.82
12921.0,8,37,16587.09,0.0
12922.0,160,1,405.38,0.97
12923.0,63,1,176.97,0.52
12924.0,87,4,933.7,0.3
12925.0,4,2,694.05,0.33
12928.0,34,5,2062.7,0.18
12929.0,311,1,117.85,0.85
12930.0,77,2,415.8,0.34
12931.0,21,15,42055.96,0.0
12933.0,23,3,607.53,0.26
12935.0,1,7,2160.7,0.04
12936.0,16,4,1063.9,0.24
12937.0,14,4,1504.27,0.57
12938.0,25,1,114.14,0.33
12939.0,63,8,11581.8,0.05
12940.0,54,2,913.54,0.31
12942.0,130,3,683.9,0.16
12944.0,35,2,604.51,0.46
12945.0,287,1,462.95,0.68
12947.0,143,6,1603.99,0.22
12948.0,15,7,2064.95,0.03
12949.0,30,8,4167.22,0.06
12950.0,1,3,1843.0,0.11
12951.0,8,6,1064.07,0.22
12952.0,5,4,1387.79,0.15
12953.0,9,1,329.85,0.37
12955.0,0,11,4757.16,0.0
12956.0,305,1,108.07,0.84
12957.0,9,8,4017.54,0.15
12962.0,6,2,266.39,0.33
12963.0,7,8,1856.63,0.16
12965.0,88,1,771.91,0.53
12966.0,9,1,160.18,0.52
12967.0,357,2,1660.9,0.59
12968.0,111,1,135.95,0.35
12970.0,6,4,452.24,0.72
12971.0,3,86,11189.91,0.0
12974.0,197,1,144.8,0.59
12976.0,211,1,738.6,0.69
12977.0,155,1,39.24,0.36
12980.0,157,9,7374.9,0.46
12981.0,29,2,372.22,0.07
12982.0,242,1,390.54,0.65
12984.0,18,1,97.5,0.38
12985.0,0,2,1239.38,0.67
12987.0,73,2,558.7,0.41
12988.0,291,1,535.32,0.81
12989.0,2,15,6924.11,0.0
12990.0,30,3,409.5,0.55
12991.0,22,2,503.76,0.42
12993.0,22,4,414.76,0.84
12994.0,3,3,974.42,0.09
12995.0,84,1,211.32,0.64
12997.0,21,4,1226.89,0.0
12999.0,195,3,455.88,0.75
13000.0,106,3,534.85,0.35
13001.0,3,13,9818.82,0.0
13002.0,317,1,120.95,0.82
13003.0,105,3,149.05,0.73
13004.0,11,18,5655.91,0.0
13005.0,173,2,513.7,0.86
13006.0,55,1,81.57,0.94
13008.0,322,1,229.47,0.51
13011.0,371,1,50.55,0.92
13012.0,8,8,1661.84,0.04
13013.0,0,13,4810.94,0.0
13014.0,10,10,3466.28,0.0
13015.0,52,5,3346.28,0.13
13016.0,72,3,789.89,0.37
13017.0,6,1,204.0,0.38
13018.0,15,28,7277.7,0.0
13021.0,3,9,2616.38,0.0
13023.0,63,2,689.9,0.79
13026.0,0,5,975.36,0.31
13027.0,113,6,6912.0,0.31
13028.0,22,2,661.32,0.38
13029.0,30,3,1247.5,0.48
13030.0,10,2,799.48,0.16
13032.0,51,2,1010.18,0.6
13033.0,356,1,190.55,0.22
13034.0,54,2,642.77,0.63
13035.0,73,2,921.88,0.49
13037.0,137,3,881.07,0.16
13038.0,79,3,908.46,0.07
13040.0,8,2,676.99,0.67
13043.0,272,1,516.42,0.61
13044.0,290,1,560.47,0.83
13045.0,98,1,305.28,0.65
13046.0,30,2,629.31,0.21
13047.0,31,10,3237.54,0.01
13048.0,13,4,1835.91,0.72
13049.0,63,2,656.68,0.83
13050.0,14,17,5836.86,0.0
13052.0,211,1,348.15,0.94
13055.0,77,3,1214.41,0.05
13058.0,24,3,271.4,0.7
13059.0,249,1,183.4,0.73
13060.0,253,1,307.53,0.55
13061.0,71,1,248.61,0.74
13062.0,190,1,346.98,0.95
13064.0,12,4,1119.49,0.24
13065.0,372,1,205.86,0.7
13066.0,23,2,470.8,0.26
13067.0,81,1,115.46,0.41
13068.0,9,2,344.0,0.43
13069.0,0,24,4436.12,0.0
13070.0,191,1,228.8,0.68
13072.0,266,1,177.15,0.91
13075.0,129,1,919.61,0.57
13077.0,0,4,729.27,0.17
13078.0,2,26,12627.94,0.0
13079.0,3,5,220.1,0.74
13080.0,178,1,58.08,0.82
13081.0,11,11,28337.38,0.0
13082.0,125,9,3613.63,0.49
13083.0,3,2,303.75,0.52
13085.0,157,2,416.08,0.96
13089.0,2,97,58825.83,0.0
13090.0,8,14,8910.82,0.0
13091.0,27,1,345.82,0.29
13092.0,70,5,477.83,0.22
13093.0,275,8,7832.47,0.78
13094.0,20,12,1927.32,0.02
13095.0,70,1,74.4,0.73
13097.0,32,10,6010.42,0.0
13098.0,0,28,28882.44,0.0
13099.0,98,1,207.36,0.99
13101.0,233,1,101.19,0.85
13102.0,0,24,6424.09,0.0
13103.0,39,1,243.94,0.81
13104.0,2,6,1098.48,0.21
13106.0,132,1,76.5,0.96
13107.0,43,4,1531.62,0.11
13108.0,372,1,350.06,0.85
13109.0,59,2,786.54,0.32
13110.0,30,7,1488.67,0.07
13113.0,0,24,12245.96,0.0
13115.0,11,4,2294.78,0.23
13116.0,137,1,501.14,0.64
13117.0,21,8,984.91,0.14
13118.0,19,5,1197.81,0.05
13120.0,238,1,30.6,0.85
13121.0,268,1,283.73,0.41
13122.0,93,2,922.39,0.3
13124.0,89,3,3866.33,0.13
13126.0,4,8,2099.64,0.01
13127.0,77,1,259.17,0.57
13130.0,93,1,64.0,0.69
13131.0,22,3,1073.3,0.14
13132.0,261,1,77.3,0.89
13133.0,273,2,109.8,0.64
13134.0,85,4,1793.58,0.2
13135.0,196,1,3096.0,0.56
13136.0,55,5,2607.61,0.04
13137.0,10,8,3650.41,0.19
13138.0,21,6,962.39,0.46
13139.0,15,7,5064.94,0.04
13140.0,107,3,423.72,0.76
13141.0,84,5,2388.75,0.11
13142.0,18,1,307.09,0.21
13144.0,332,1,110.95,0.84
13145.0,39,4,618.52,0.44
13146.0,25,1,228.91,0.37
13147.0,9,4,712.8,0.26
13148.0,28,12,3707.12,0.09
13149.0,13,4,1676.06,0.85
13151.0,295,1,1257.87,0.58
13153.0,5,1,486.22,0.51
13155.0,32,4,971.76,0.06
13157.0,48,4,1741.22,0.14
13158.0,94,4,1201.06,0.06
13159.0,8,4,1437.85,0.22
13160.0,21,1,91.8,0.41
13161.0,312,1,112.75,0.83
13162.0,121,4,1688.29,0.16
13165.0,45,2,1021.48,0.59
13166.0,282,1,417.2,0.93
13167.0,18,4,791.33,0.13
13168.0,35,4,1319.19,0.11
13169.0,63,2,712.88,0.72
13170.0,26,1,116.01,0.26
13171.0,21,3,468.41,0.62
13173.0,3,2,353.65,0.26
13174.0,15,3,2817.03,0.2
13176.0,45,1,492.84,0.49
13177.0,64,1,282.45,0.79
13178.0,25,11,5725.47,0.0
13182.0,44,1,121.18,0.79
13183.0,7,9,3957.78,0.02
13184.0,14,10,1701.29,0.0
13185.0,267,1,71.4,0.95
13186.0,39,3,1575.89,0.52
13187.0,336,1,236.02,0.93
13188.0,10,1,114.6,0.4
13189.0,18,2,260.68,0.21
13192.0,94,2,911.94,0.47
13193.0,60,1,117.88,0.08
13194.0,135,1,60.7,0.87
13196.0,10,4,1797.78,0.41
13198.0,9,6,3401.24,0.26
13199.0,3,38,9817.12,0.0
13200.0,18,4,870.09,0.12
13203.0,9,4,869.46,0.1
13207.0,14,2,250.26,0.25
13208.0,58,6,1223.9,0.03
13209.0,29,8,5891.61,0.0
13210.0,93,1,353.48,0.37
13211.0,9,3,1197.42,0.86
13212.0,19,3,788.08,0.07
13213.0,56,5,1520.58,0.07
13216.0,267,1,333.74,0.32
13217.0,121,3,533.98,0.29
13218.0,126,1,62.64,0.95
13220.0,77,4,819.29,0.37
13221.0,239,2,847.41,0.45
13223.0,199,2,163.2,0.71
13224.0,59,2,2155.95,0.53
13225.0,2,7,6463.84,0.01
13226.0,272,1,108.21,0.33
13227.0,201,1,257.7,0.3
13228.0,80,1,358.0,0.87
13229.0,225,1,160.95,0.38
13230.0,3,14,2806.97,0.0
13232.0,12,7,1357.6,0.06
13233.0,73,2,605.12,0.74
13235.0,211,1,1031.07,0.84
13236.0,24,2,744.85,0.3
13238.0,16,4,700.73,0.49
13239.0,261,1,329.56,0.48
13240.0,95,4,663.65,0.5
13242.0,111,3,270.4,0.86
13243.0,202,1,600.07,0.96
13244.0,92,1,121.74,0.63
13245.0,50,1,430.5,0.62
13246.0,17,6,1987.3,0.03
13247.0,17,4,501.12,0.8
13248.0,124,2,465.68,0.69
13249.0,91,3,711.41,0.63
13253.0,156,2,1030.4,0.47
13255.0,8,2,399.51,0.36
13258.0,11,3,698.58,0.43
13259.0,61,1,292.32,0.57
13260.0,60,1,557.62,0.49
13261.0,268,2,944.1,0.51
13262.0,262,1,200.29,0.85
13263.0,0,35,7454.07,0.0
13265.0,52,5,2107.66,0.09
13266.0,10,12,3834.26,0.0
13267.0,2,19,4521.49,0.0
13268.0,17,11,3214.69,0.0
13269.0,0,15,5346.23,0.0
13270.0,365,1,590.0,0.84
13271.0,36,1,217.38,0.74
13272.0,30,2,276.56,0.2
13273.0,112,1,138.98,0.26
13276.0,63,2,590.93,0.69
13277.0,15,4,258.4,0.9
13278.0,40,1,542.73,0.61
13279.0,77,1,137.75,0.76
13280.0,121,3,814.86,0.65
13282.0,17,3,1132.14,0.14
13283.0,59,2,93.66,0.7
13284.0,330,1,201.19,0.67
13285.0,22,4,2709.12,0.13
13291.0,155,1,361.11,0.91
13292.0,38,2,578.94,0.58
13294.0,189,2,873.74,0.63
13295.0,359,1,201.2,0.67
13296.0,136,1,87.4,0.83
13297.0,7,4,2089.85,0.06
13298.0,0,1,360.0,0.62
13299.0,267,1,142.5,0.89
13300.0,168,1,371.89,0.84
13301.0,103,4,618.09,0.49
13302.0,154,1,63.75,0.62
13304.0,350,1,300.42,0.72
13305.0,3,10,2000.86,0.0
13307.0,119,1,15.0,0.5
13308.0,22,3,1385.51,0.27
13309.0,6,5,1456.79,0.25
13310.0,27,3,1132.03,0.19
13311.0,3,2,598.57,0.55
13313.0,21,5,1555.32,0.0
13314.0,1,3,775.94,0.09
13316.0,36,4,5977.73,0.05
13317.0,65,6,2273.68,0.05
13318.0,0,3,640.76,0.42
13319.0,4,26,10845.55,0.0
13320.0,77,4,1548.7,0.17
13321.0,71,2,567.36,0.23
13322.0,16,1,199.48,0.76
13323.0,2,5,787.85,0.32
13324.0,35,10,7121.95,0.09
13325.0,81,1,675.3,0.78
13327.0,38,8,3627.77,0.28
13328.0,315,1,1308.48,0.63
13329.0,31,2,789.0,0.23
13330.0,92,3,1140.93,0.27
13332.0,13,1,350.9,0.25
13334.0,81,3,3536.82,0.06
13336.0,76,1,795.12,0.42
13338.0,157,1,487.02,0.59
13339.0,200,1,860.12,0.44
13340.0,44,7,10736.48,0.04
13341.0,260,1,775.85,0.38
13343.0,177,1,353.43,0.79
13344.0,67,3,2543.72,0.12
13345.0,287,1,389.5,0.38
13347.0,69,1,341.36,0.9
13348.0,63,1,233.76,0.63
13349.0,10,1,247.32,0.6
13350.0,15,2,979.12,0.32
13351.0,65,1,373.94,0.53
13352.0,59,1,397.98,0.1
13354.0,70,1,743.53,0.59
13355.0,121,1,674.7,0.77
13356.0,79,1,768.24,0.53
13357.0,256,1,609.95,0.47
13358.0,268,1,439.03,0.25
13359.0,63,1,439.56,0.33
13362.0,8,4,3090.74,0.27
13363.0,17,2,992.5,0.51
13364.0,70,1,134.96,0.96
13365.0,33,2,2225.37,0.17
13366.0,49,1,56.16,0.88
13368.0,256,2,623.4,0.69
13369.0,365,1,308.28,0.89
13370.0,371,1,754.87,0.73
13372.0,89,1,378.64,0.7
13373.0,60,3,3312.25,0.49
13375.0,88,1,778.65,0.54
13376.0,98,3,1019.76,0.6
13379.0,25,3,572.56,0.5
13381.0,31,6,3639.31,0.3
13382.0,280,1,222.99,0.49
13384.0,30,7,4151.93,0.01
13385.0,329,1,534.57,0.81
13388.0,130,2,677.1,0.34
13389.0,10,3,797.96,0.17
13390.0,74,1,544.08,0.18
13391.0,203,1,59.8,0.81
13394.0,1,8,2520.02,0.01
13395.0,184,1,307.72,0.39
13396.0,28,2,1360.99,0.66
13397.0,72,5,1544.13,0.05
13398.0,191,1,457.34,0.56
13402.0,126,2,621.23,0.75
13403.0,17,1,75.0,0.7
13404.0,0,2,252.49,0.48
13405.0,73,3,572.45,0.16
13408.0,1,62,28117.04,0.0
13410.0,23,5,1003.06,0.1
13411.0,106,1,213.55,0.89
13414.0,133,3,1390.5,0.32
13416.0,43,2,712.5,0.68
13417.0,4,2,640.83,0.65
13418.0,11,18,6127.43,0.0
13419.0,63,1,221.06,0.23
13420.0,149,2,159.85,0.83
13421.0,39,2,1851.08,0.19
13422.0,63,1,2626.3,0.58
13425.0,107,3,1624.21,0.55
13426.0,0,10,3641.32,0.01
13427.0,18,3,582.6,0.19
13428.0,9,1,218.47,0.44
13429.0,10,4,1006.8,0.1
13430.0,18,2,679.45,0.34
13431.0,66,2,1269.1,0.47
13434.0,73,2,534.24,0.36
13435.0,4,7,3809.89,0.05
13436.0,1,1,196.89,0.19
13437.0,13,7,3408.06,0.06
13439.0,254,1,283.71,0.35
13441.0,91,1,296.64,0.35
13447.0,22,3,1129.14,0.12
13448.0,16,6,3539.37,0.11
13449.0,23,1,291.88,0.33
13450.0,26,6,2043.72,0.0
13451.0,25,5,2976.15,0.01
13452.0,258,2,590.0,0.54
13453.0,165,2,356.98,0.82
13455.0,24,2,1058.34,0.26
13456.0,17,6,1766.72,0.02
13458.0,6,14,9646.57,0.0
13460.0,28,2,183.44,0.82
13461.0,38,3,1445.0,0.48
13462.0,252,1,151.5,0.89
13464.0,57,1,674.68,0.67
13466.0,183,1,307.9,0.43
13467.0,10,2,1083.71,0.47
13468.0,1,37,5704.97,0.02
13470.0,98,2,165.0,0.95
13471.0,0,4,2531.58,0.24
13473.0,60,2,422.64,0.43
13474.0,235,1,229.59,0.98
13475.0,190,4,1431.78,0.56
13476.0,178,2,1238.47,0.76
13477.0,37,6,1454.58,0.08
13479.0,200,2,300.95,0.5
13481.0,45,5,1804.56,0.06
13482.0,231,1,184.64,0.89
13483.0,65,1,140.34,0.31
13484.0,240,1,313.8,0.89
13485.0,232,1,454.24,0.94
13486.0,77,3,1122.41,0.17
13487.0,57,3,575.4,0.09
13488.0,16,13,8968.31,0.0
13489.0,104,4,449.52,0.51
13491.0,51,10,1215.82,0.0
13492.0,135,3,1269.84,0.43
13493.0,274,2,618.63,0.59
13494.0,311,1,316.26,0.63
13495.0,7,5,2044.87,0.0
13496.0,10,2,653.33,0.44
13497.0,282,2,348.05,0.58
13499.0,17,5,1159.11,0.07
13500.0,22,3,1166.77,0.13
13501.0,287,1,1340.32,0.63
13502.0,16,3,292.0,0.54
13503.0,70,1,216.85,0.64
13504.0,63,1,295.93,0.72
13505.0,72,4,4393.63,0.6
13506.0,315,2,458.52,0.47
13507.0,2,4,2479.16,0.29
13508.0,243,1,110.97,0.56
13509.0,8,7,979.72,0.12
13510.0,0,4,1791.56,0.18
13512.0,260,1,251.21,0.6
13513.0,126,1,205.1,0.75
13514.0,73,1,152.2,0.74
13515.0,72,4,891.12,0.24
13516.0,20,3,1389.41,0.36
13517.0,59,3,2128.42,0.28
13518.0,85,1,659.44,0.84
13519.0,77,1,122.75,0.36
13520.0,58,6,3624.35,0.18
13521.0,0,3,1093.65,0.63
13522.0,29,1,125.8,0.16
13523.0,32,5,3964.88,0.12
13524.0,40,5,680.18,0.3
13525.0,14,2,628.78,0.57
13527.0,33,7,2287.51,0.04
13529.0,78,2,307.76,0.65
13531.0,204,2,483.8,0.33
13532.0,33,1,210.31,0.43
13533.0,182,3,270.79,0.5
13534.0,1,25,5870.08,0.0
13536.0,0,7,3448.29,0.01
13538.0,42,7,1280.85,0.0
13539.0,85,3,631.34,0.76
13544.0,39,2,291.41,0.36
13546.0,11,3,626.99,0.39
13548.0,95,2,682.41,0.16
13549.0,25,7,918.2,0.09
13551.0,318,1,91.8,0.89
13552.0,65,12,3740.07,0.31
13555.0,73,4,4149.28,0.38
13557.0,27,2,584.06,0.64
13558.0,5,4,605.06,0.7
13560.0,6,1,174.37,0.38
13561.0,215,1,141.86,0.72
13562.0,81,3,1799.33,0.06
13563.0,83,2,777.53,0.24
13564.0,143,3,1749.02,0.18
13565.0,18,2,240.22,0.55
13566.0,40,2,874.71,0.46
13568.0,172,1,192.85,0.22
13569.0,16,2,373.75,0.35
13570.0,242,1,239.49,0.45
13571.0,12,12,2092.32,0.0
13572.0,205,1,1384.25,0.89
13573.0,49,2,294.4,0.29
13575.0,22,5,732.07,0.29
13576.0,9,18,6717.34,0.0
13577.0,24,4,1687.6,0.55
13579.0,14,2,467.04,0.37
13581.0,308,1,118.0,0.84
13583.0,155,1,781.03,0.32
13584.0,306,1,142.4,0.82
13587.0,63,1,712.4,0.3
13588.0,15,9,2478.95,0.0
13589.0,14,2,379.65,0.61
13590.0,10,6,1981.92,0.03
13591.0,64,3,1117.13,0.1
13592.0,35,4,247.96,0.77
13593.0,107,5,2037.08,0.24
13594.0,52,1,396.97,0.4
13596.0,5,2,697.04,0.47
13598.0,46,1,180.17,0.49
13599.0,0,21,5153.67,0.0
13600.0,311,1,219.52,0.27
13601.0,44,2,693.32,0.48
13602.0,64,1,428.89,0.41
13603.0,25,1,164.34,0.6
13606.0,28,3,280.54,0.52
13607.0,39,1,678.01,0.59
13610.0,11,7,1131.88,0.1
13611.0,88,3,1171.8,0.22
13614.0,23,4,1610.46,0.47
13615.0,318,1,417.69,0.6
13617.0,39,3,544.18,0.48
13618.0,173,1,177.34,0.65
13621.0,116,1,213.85,0.19
13623.0,30,5,747.78,0.21
13626.0,252,1,257.23,0.6
13627.0,58,5,1638.47,0.07
13629.0,22,11,7792.36,0.0
13630.0,4,7,2031.78,0.0
13631.0,99,11,3070.42,0.39
13632.0,24,5,2121.27,0.1
13634.0,32,5,1575.16,0.54
13635.0,67,1,1071.03,0.58
13636.0,36,5,949.12,0.28
13637.0,51,3,810.5,0.12
13638.0,15,1,122.64,0.29
13639.0,73,1,1033.34,0.53
13642.0,215,1,354.8,0.86
13643.0,30,3,519.44,0.36
13644.0,15,4,2624.26,0.22
13645.0,119,1,252.1,0.12
13647.0,9,4,1678.12,0.4
13649.0,256,2,346.6,0.79
13650.0,16,6,1836.34,0.11
13651.0,34,2,94.2,0.43
13652.0,45,3,1095.08,0.2
13654.0,42,6,2707.33,0.05
13655.0,113,2,932.97,0.25
13656.0,164,2,379.65,0.96
13657.0,10,2,382.14,0.67
13658.0,9,5,2639.17,0.06
13659.0,205,2,1573.2,0.55
13662.0,85,3,897.76,0.13
13663.0,178,1,189.47,0.52
13666.0,59,3,84.65,0.65
13667.0,148,1,305.02,0.66
13668.0,2,21,6363.59,0.0
13669.0,50,2,218.55,0.2
13670.0,74,1,349.7,0.81
13672.0,300,2,186.39,0.36
13673.0,18,2,396.92,0.26
13675.0,150,2,486.82,0.63
13678.0,151,1,232.6,0.71
13680.0,0,4,3722.42,0.18
13681.0,17,4,827.83,0.21
13682.0,186,1,59.5,0.55
13684.0,285,1,67.23,0.94
13685.0,2,7,3119.44,0.04
13686.0,182,1,72.0,0.56
13689.0,62,1,910.0,0.59
13690.0,58,1,172.25,0.44
13692.0,24,3,1488.32,0.71
13694.0,3,50,65039.62,0.0
13695.0,30,15,2504.13,0.02
13697.0,38,1,151.3,0.67
13699.0,154,1,308.58,0.81
13700.0,25,10,2265.12,0.0
13703.0,317,1,99.5,0.74
13704.0,4,9,2308.06,0.0
13705.0,7,3,711.86,0.5
13706.0,302,1,330.79,0.56
13707.0,266,2,806.41,0.55
13708.0,270,1,296.88,0.77
13709.0,3,13,6328.05,0.0
13710.0,31,1,180.48,0.68
13711.0,218,2,252.06,0.76
13712.0,246,1,228.84,0.93
13715.0,280,5,1079.34,0.66
13716.0,268,1,138.28,0.69
13717.0,31,6,1445.01,0.07
13718.0,245,2,306.55,0.86
13719.0,14,5,1041.68,0.04
13720.0,116,4,799.9,0.11
13721.0,35,1,524.14,0.16
13722.0,131,3,2375.41,0.25
13723.0,216,1,199.85,0.34
13725.0,49,8,1980.56,0.01
13726.0,38,2,1079.66,0.25
13727.0,28,2,333.48,0.57
13728.0,36,6,1016.14,0.39
13730.0,135,2,752.6,0.71
13731.0,218,2,610.59,0.95
13732.0,27,1,491.86,0.57
13735.0,24,4,2885.24,0.11
13736.0,4,2,731.9,0.46
13737.0,199,1,339.6,0.83
13739.0,17,1,216.9,0.8
13740.0,240,1,350.75,0.88
13741.0,71,3,668.43,0.3
13742.0,16,12,3131.02,0.02
13743.0,2,7,1341.6,0.04
13744.0,94,2,1156.36,0.45
13745.0,161,1,300.04,0.69
13747.0,373,1,79.6,0.94
13748.0,95,5,948.25,0.42
13750.0,53,5,1647.26,0.09
13751.0,287,1,296.25,0.72
13752.0,123,6,1186.28,0.26
13753.0,287,1,741.26,0.76
13754.0,151,2,282.6,0.35
13755.0,3,9,2161.35,0.0
13756.0,1,14,5189.52,0.0
13758.0,11,7,3190.55,0.01
13759.0,32,2,659.41,0.4
13760.0,53,2,286.79,0.36
13761.0,49,2,1070.65,0.38
13762.0,218,1,306.72,0.36
13763.0,62,1,1714.96,0.68
13764.0,70,3,1521.76,0.53
13767.0,1,37,17220.36,0.0
13769.0,1,10,2796.51,0.0
13771.0,63,4,2634.45,0.15
13772.0,33,3,1132.13,0.15
13774.0,81,1,345.0,0.99
13777.0,0,33,25977.16,0.0
13778.0,102,1,178.7,0.6
13780.0,6,2,360.01,0.44
13781.0,250,1,127.84,0.63
13782.0,12,6,912.0,0.22
13784.0,9,11,2462.79,0.06
13786.0,366,1,230.4,0.81
13787.0,75,2,309.04,0.63
13790.0,3,1,348.8,0.75
13791.0,127,2,1516.0,0.6
13792.0,65,2,195.55,0.95
13798.0,0,57,37153.85,0.0
13799.0,116,2,688.86,0.18
13800.0,309,1,558.32,0.81
13801.0,66,1,324.8,0.67
13802.0,138,3,4599.42,0.55
13803.0,254,1,277.07,0.35
13804.0,30,7,2635.79,0.0
13805.0,51,2,924.6,0.24
13806.0,63,1,256.38,0.69
13807.0,366,1,112.6,0.82
13808.0,5,5,1747.66,0.11
13809.0,304,1,155.05,0.83
13810.0,28,3,1499.01,0.71
13811.0,183,3,814.5,0.62
13812.0,41,3,539.0,0.16
13813.0,39,4,1366.86,0.28
13814.0,91,2,1579.12,0.25
13815.0,21,4,4027.36,0.04
13816.0,23,2,571.67,0.72
13817.0,28,2,382.98,0.25
13819.0,301,3,1140.35,0.28
13821.0,144,2,385.64,0.55
13822.0,5,2,632.0,0.64
13823.0,18,2,957.66,0.13
13824.0,32,5,1698.94,0.45
13826.0,175,1,189.5,0.43
13827.0,57,3,412.05,0.25
13828.0,21,1,209.49,0.62
13831.0,15,6,2202.99,0.14
13832.0,18,1,52.2,0.8
13833.0,158,1,384.8,1.0
13835.0,24,4,834.57,0.1
13837.0,211,2,271.24,0.76
13838.0,5,4,691.73,0.42
13841.0,252,1,85.0,0.8
13842.0,58,9,3385.62,0.2
13844.0,10,1,361.62,0.58
13845.0,64,1,312.98,0.69
13846.0,24,3,865.06,0.34
13848.0,91,3,1255.0,0.27
13849.0,51,2,1537.95,0.22
13850.0,128,1,1595.48,0.58
13851.0,95,3,2651.46,0.16
13853.0,56,1,1090.14,0.64
13854.0,8,25,8109.52,0.0
13856.0,168,3,388.5,0.86
13858.0,56,1,216.17,0.29
13859.0,325,1,201.16,0.67
13860.0,0,5,1245.9,0.08
13862.0,17,8,2209.36,0.05
13863.0,247,1,305.78,0.41
13865.0,57,4,501.56,0.47
13866.0,73,1,145.67,0.61
13867.0,30,3,1015.29,0.7
13868.0,6,2,3192.54,0.52
13869.0,122,4,3104.95,0.3
13870.0,1,8,2770.94,0.01
13871.0,22,13,6403.25,0.0
13873.0,119,3,389.6,0.46
13874.0,357,1,540.45,0.81
13875.0,53,5,1786.79,0.05
13876.0,63,1,122.7,0.15
13877.0,85,1,117.24,0.09
13878.0,54,1,1281.53,0.8
13880.0,20,13,3219.77,0.0
13881.0,3,20,17159.52,0.0
13882.0,2,5,1191.13,0.16
13883.0,10,5,2674.48,0.11
13884.0,6,5,787.6,0.25
13885.0,188,2,506.8,0.59
13886.0,70,1,243.56,0.75
13887.0,203,1,349.55,0.99
13888.0,119,2,605.63,0.37
13889.0,92,1,416.9,0.23
13890.0,0,10,1883.81,0.01
13892.0,26,4,632.97,0.34
13893.0,297,1,821.1,0.6
13894.0,23,3,564.62,0.13
13895.0,27,4,2593.07,0.05
13897.0,49,1,311.16,0.21
13898.0,325,1,155.93,0.8
13899.0,15,2,388.52,0.66
13900.0,182,3,740.95,0.47
13901.0,71,5,2867.2,0.04
13904.0,36,2,332.64,0.68
13908.0,79,4,2369.55,0.14
13911.0,56,9,2580.91,0.11
13914.0,11,2,626.45,0.65
13917.0,49,2,272.04,0.08
13918.0,49,2,1212.84,0.05
13919.0,58,2,384.81,0.71
13922.0,351,1,172.25,0.26
13923.0,53,1,351.13,0.19
13924.0,1,6,1838.85,0.0
13925.0,92,4,678.25,0.36
13926.0,22,1,223.85,0.39
13927.0,74,1,348.99,0.81
13928.0,10,4,464.57,0.81
13929.0,168,2,842.65,0.72
13930.0,57,2,337.34,0.74
13931.0,95,2,1237.53,0.43
13932.0,294,1,307.4,0.88
13933.0,108,2,608.79,0.28
13934.0,263,1,922.1,0.76
13936.0,179,1,376.58,0.74
13937.0,168,1,158.85,0.62
13938.0,34,1,71.66,0.6
13939.0,22,3,568.55,0.12
13940.0,16,4,839.14,0.25
13941.0,21,5,5112.96,0.0
13946.0,78,3,561.57,0.13
13947.0,64,1,90.6,0.56
13948.0,360,1,102.0,0.83
13949.0,2,6,2427.32,0.02
13950.0,10,4,745.06,0.44
13951.0,175,3,674.45,0.3
13952.0,217,2,3251.07,0.43
13953.0,6,7,3515.68,0.05
13954.0,1,2,439.92,0.77
13955.0,153,2,322.96,0.34
13956.0,4,5,1026.42,0.24
13959.0,78,3,598.2,0.14
13960.0,20,2,230.22,0.21
13962.0,21,2,169.55,0.65
13963.0,307,4,664.54,0.67
13967.0,145,1,80.7,0.88
13969.0,6,18,9053.94,0.0
13971.0,18,8,2758.26,0.16
13972.0,70,2,190.25,0.96
13973.0,286,1,264.7,0.67
13974.0,48,1,413.59,0.65
13975.0,30,6,2526.28,0.01
13976.0,206,1,357.98,0.93
13978.0,14,2,196.79,0.55
13979.0,72,1,869.87,0.64
13980.0,59,1,200.14,0.3
13982.0,38,4,1871.81,0.19
13983.0,29,12,2603.43,0.02
13984.0,26,5,920.51,0.01
13985.0,3,15,7060.13,0.0
13986.0,16,1,320.46,0.58
13988.0,19,6,4147.96,0.03
13989.0,65,2,1266.08,0.25
13990.0,212,1,311.3,0.88
13991.0,11,6,855.97,0.22
13992.0,29,1,76.8,0.65
13993.0,42,9,3466.36,0.22
13994.0,3,6,2313.14,0.0
13995.0,14,5,1393.69,0.23
13999.0,9,12,3901.81,0.0
14000.0,210,1,635.66,0.56
14001.0,45,3,2043.08,0.19
14002.0,133,2,529.73,0.53
14004.0,42,7,4582.64,0.03
14005.0,9,5,2874.72,0.06
14006.0,115,3,962.19,0.03
14009.0,197,2,695.61,0.5
14012.0,277,1,328.8,0.48
14013.0,109,3,473.02,0.54
14014.0,76,1,505.18,0.32
14015.0,52,1,917.34,0.88
14016.0,161,4,4341.21,0.42
14019.0,46,3,1421.61,0.51
14020.0,16,2,642.8,0.59
14021.0,154,3,631.9,0.19
14022.0,224,1,440.0,0.85
14023.0,6,2,584.07,0.75
14024.0,121,2,327.7,0.6
14027.0,60,1,104.82,0.31
14029.0,62,2,467.66,0.6
14030.0,17,8,2360.09,0.05
14031.0,6,19,17286.86,0.0
14032.0,1,11,2975.59,0.01
14034.0,21,3,651.82,0.5
14035.0,28,5,1428.02,0.05
14036.0,284,1,626.65,0.74
14037.0,175,2,147.2,0.94
14038.0,77,3,1560.38,0.31
14039.0,32,1,152.2,0.42
14040.0,40,12,3614.92,0.12
14041.0,265,1,141.41,0.74
14044.0,26,4,652.82,0.49
14045.0,108,4,1659.75,0.28
14046.0,283,1,154.99,0.83
14047.0,8,5,1308.61,0.08
14048.0,304,1,409.93,0.6
14049.0,16,4,5681.72,0.05
14050.0,31,2,746.36,0.34
14051.0,0,23,15610.39,0.0
14052.0,19,1,225.36,0.45
14053.0,123,2,260.25,0.76
14054.0,64,1,92.46,0.52
14055.0,105,1,725.64,0.25
14056.0,0,23,8214.65,0.0
14057.0,23,17,6217.96,0.04
14059.0,266,1,183.6,0.84
14060.0,4,19,6140.42,0.0
14062.0,9,12,10464.85,0.05
14064.0,28,5,1353.74,0.05
14066.0,266,1,152.55,0.87
14067.0,63,2,374.7,0.79
14068.0,319,1,265.85,0.67
14071.0,3,8,1438.82,0.01
14073.0,31,1,151.04,0.43
14075.0,4,3,942.26,0.19
14076.0,128,1,122.47,0.31
14077.0,40,5,499.42,0.43
14078.0,101,6,1049.37,0.67
14079.0,124,1,375.1,0.39
14080.0,32,1,45.6,0.3
14081.0,301,2,934.52,0.47
14082.0,364,1,182.25,0.28
14083.0,3,9,1018.43,0.09
14085.0,1,18,4448.54,0.0
14087.0,2,1,194.42,0.35
14088.0,9,13,50491.81,0.0
14089.0,56,1,161.0,0.65
14090.0,324,1,76.32,0.94
14092.0,7,14,4076.91,0.04
14093.0,11,1,442.85,0.28
14096.0,3,17,65164.79,0.0
14098.0,36,1,147.35,0.32
14099.0,15,11,3104.17,0.02
14100.0,137,1,194.9,0.88
14101.0,73,6,5976.79,0.16
14102.0,4,5,1360.28,0.14
14104.0,154,2,216.21,0.51
14105.0,238,1,1266.23,0.7
14107.0,51,7,2703.23,0.0
14108.0,30,2,597.91,0.39
14109.0,72,1,144.2,0.8
14110.0,3,12,5683.15,0.0
14111.0,13,4,692.85,0.48
14112.0,22,7,2915.15,0.0
14113.0,3,4,1840.42,0.23
14114.0,273,2,386.53,0.64
14116.0,19,5,1382.74,0.02
14117.0,143,1,90.0,0.94
14121.0,3,4,2780.15,0.36
14124.0,83,1,419.58,0.75
14125.0,10,3,2740.43,0.33
14126.0,7,3,706.13,0.36
14127.0,122,3,709.71,0.57
14128.0,60,2,637.5,0.95
14129.0,1,5,1123.86,0.32
14130.0,318,1,483.86,0.78
14132.0,1,11,3586.03,0.0
14133.0,129,3,605.64,0.21
14135.0,1,15,4690.31,0.0
14138.0,1,2,982.38,0.7
14139.0,45,1,415.82,0.49
14140.0,3,2,935.05,0.82
14141.0,2,4,915.13,0.5
14142.0,372,1,311.81,0.93
14143.0,133,1,115.8,0.83
14145.0,46,4,3742.2,0.12
14146.0,8,5,4191.0,0.16
14147.0,77,2,483.4,0.61
14148.0,233,1,157.2,0.91
14149.0,220,1,446.62,0.95
14150.0,35,2,658.64,0.33
14152.0,74,2,621.29,0.89
14154.0,238,2,1345.62,0.28
14155.0,265,1,118.75,0.66
14156.0,9,55,117379.63,0.0
14157.0,19,2,432.88,0.36
14158.0,39,1,507.66,0.6
14159.0,19,11,4693.01,0.0
14161.0,215,3,1110.52,0.27
14162.0,173,2,289.36,0.6
14163.0,86,4,2445.91,0.16
14164.0,70,2,1631.77,0.32
14165.0,275,1,122.54,0.46
14167.0,38,4,574.84,0.71
14171.0,97,1,363.79,0.65
14173.0,10,4,450.84,0.83
14174.0,32,1,134.46,0.28
14175.0,59,3,3222.3,0.47
14176.0,296,4,576.9,0.73
14177.0,85,4,559.41,0.82
14178.0,8,7,1620.93,0.13
14179.0,40,2,719.78,0.61
14180.0,10,25,4748.52,0.0
14184.0,66,1,452.89,0.39
14185.0,330,1,197.65,0.63
14188.0,30,6,2054.36,0.01
14189.0,1,15,4654.08,0.0
14191.0,1,13,4684.76,0.0
14193.0,67,2,853.39,0.49
14194.0,4,21,11349.52,0.0
14195.0,201,2,1012.0,0.57
14196.0,106,1,335.52,0.58
14198.0,17,4,701.4,0.41
14199.0,217,1,185.4,0.45
14201.0,59,7,747.44,0.17
14204.0,1,1,161.03,0.21
14205.0,16,2,466.7,0.34
14206.0,238,1,328.16,0.89
14208.0,94,1,151.74,0.82
14209.0,10,6,2073.43,0.02
14210.0,105,6,1905.84,0.26
14211.0,52,9,2241.1,0.03
14212.0,89,1,1070.48,0.6
14214.0,30,5,1004.38,0.13
14215.0,11,6,1789.72,0.24
14216.0,2,4,1839.3,0.2
14217.0,1,17,2004.98,0.0
14218.0,42,1,169.48,0.41
14219.0,3,1,89.94,0.53
14220.0,246,2,632.4,0.71
14221.0,41,9,3432.8,0.19
14222.0,176,1,683.17,0.9
14223.0,91,3,991.13,0.15
14224.0,109,4,1050.12,0.34
14226.0,28,5,2232.19,0.09
14227.0,25,10,3350.96,0.0
14229.0,51,3,1547.2,0.23
14231.0,183,3,925.71,0.62
14232.0,42,5,2048.07,0.04
14233.0,48,4,1462.72,0.46
14234.0,21,4,775.46,0.06
14235.0,74,5,3144.86,0.02
14236.0,80,2,490.86,0.52
14237.0,372,1,161.0,0.64
14238.0,325,1,146.85,0.8
14239.0,42,11,2380.85,0.12
14240.0,29,2,890.34,0.36
14241.0,183,1,213.7,0.88
14242.0,234,2,280.55,0.75
14243.0,8,10,2588.77,0.05
14245.0,219,2,1693.45,0.43
14246.0,110,3,1474.06,0.46
14247.0,277,1,136.77,0.54
14248.0,317,1,302.58,0.82
14250.0,6,3,1904.05,0.32
14251.0,1,5,2879.7,0.04
14256.0,259,2,969.06,0.51
14257.0,63,5,3099.72,0.06
14258.0,8,9,12669.98,0.08
14259.0,141,1,120.0,0.48
14261.0,50,2,1163.45,0.23
14262.0,7,8,2618.23,0.0
14264.0,154,2,333.97,0.34
14265.0,108,2,530.18,0.22
14267.0,162,3,1516.24,0.19
14270.0,331,1,492.65,0.8
14271.0,225,1,112.32,0.45
14272.0,73,2,437.96,0.77
14273.0,50,4,559.97,0.84
14276.0,98,3,1119.74,0.37
14277.0,14,3,4216.2,0.17
14280.0,196,1,134.04,0.85
14282.0,2,15,3729.34,0.08
14284.0,30,2,595.25,0.34
14285.0,20,4,1910.01,0.27
14286.0,23,3,4628.75,0.27
14287.0,7,3,176.63,0.34
14288.0,212,1,426.6,0.96
14289.0,8,6,911.26,0.12
14290.0,10,5,2314.65,0.26
14291.0,1,11,3883.25,0.0
14292.0,7,9,4871.93,0.03
14293.0,2,4,1046.56,0.58
14295.0,39,1,166.2,0.59
14297.0,17,4,1305.33,0.1
14298.0,7,44,51527.3,0.02
14299.0,7,9,3965.62,0.02
14300.0,18,1,43.2,0.65
14301.0,116,1,640.14,0.88
14304.0,222,1,383.45,0.9
14305.0,70,3,1858.96,0.05
14306.0,50,2,2093.32,0.18
14307.0,88,6,2995.72,0.22
14309.0,7,9,2352.53,0.0
14311.0,242,1,310.26,0.76
14312.0,46,6,1611.59,0.07
14314.0,106,1,120.0,0.74
14315.0,44,6,2481.13,0.0
14317.0,64,1,508.58,0.3
14320.0,206,2,477.79,0.47
14321.0,10,5,1530.75,0.48
14323.0,114,2,605.06,0.21
14326.0,241,1,183.85,0.74
14327.0,162,1,311.65,0.78
14329.0,16,7,5014.84,0.03
14331.0,123,2,462.66,0.69
14332.0,22,3,866.31,0.17
14333.0,67,1,415.2,0.49
14334.0,16,8,2552.21,0.01
14335.0,15,2,468.26,0.39
14336.0,16,4,1614.91,0.85
14338.0,160,2,588.22,0.79
14339.0,242,1,309.52,0.7
14340.0,218,1,134.7,0.76
14341.0,44,8,2182.28,0.0
14342.0,20,4,668.56,0.56
14344.0,126,8,889.93,0.54
14345.0,38,1,108.98,0.79
14346.0,120,2,1021.58,0.74
14348.0,259,1,409.57,0.58
14349.0,9,1,133.5,0.17
14350.0,273,1,282.93,0.91
14351.0,164,1,51.0,0.56
14352.0,156,4,1078.96,0.18
14353.0,214,1,90.6,0.93
14354.0,5,2,163.62,0.88
14355.0,365,1,174.4,0.35
14356.0,79,2,701.23,0.77
14357.0,42,1,225.77,0.63
14359.0,18,3,912.18,0.11
14360.0,31,4,2128.23,0.15
14362.0,21,1,161.2,0.74
14364.0,108,8,3717.35,0.33
14367.0,7,16,9261.52,0.02
14368.0,319,1,155.0,0.83
14371.0,294,1,100.5,0.82
14373.0,357,1,76.55,0.94
14375.0,184,1,257.68,0.58
14377.0,190,2,617.05,0.72
14379.0,43,2,348.1,0.49
14381.0,51,1,202.68,0.38
14382.0,25,1,626.07,0.91
14383.0,37,3,1247.69,0.42
14385.0,8,3,202.11,0.28
14386.0,296,1,142.4,0.82
14387.0,32,3,1770.56,0.22
14388.0,9,8,3212.84,0.06
14389.0,64,2,1043.46,0.52
14390.0,9,9,4652.82,0.02
14393.0,217,1,67.95,0.93
14395.0,1,9,3507.71,0.02
14396.0,64,2,487.99,0.31
14397.0,2,19,2612.96,0.02
14400.0,148,1,574.7,0.96
14401.0,3,13,4051.48,0.01
14403.0,129,4,1475.81,0.13
14404.0,33,6,1474.32,0.31
14406.0,118,1,156.75,0.66
14407.0,106,6,2157.73,0.17
14408.0,10,7,2606.53,0.0
14409.0,70,6,2059.45,0.01
14410.0,91,9,1105.07,0.42
14411.0,310,1,1063.0,0.53
14412.0,42,2,770.03,0.36
14413.0,361,1,122.7,0.84
14414.0,91,7,1496.98,0.1
14415.0,0,13,5900.28,0.0
14416.0,21,2,490.22,0.27
14418.0,3,3,1937.25,0.08
14419.0,10,6,1058.06,0.36
14420.0,98,1,387.52,0.69
14421.0,56,2,813.11,0.29
14422.0,0,6,4263.64,0.02
14423.0,217,1,265.2,0.46
14424.0,17,1,322.08,0.38
14426.0,23,10,4481.67,0.03
14427.0,49,2,363.34,0.27
14428.0,6,5,1244.83,0.08
14431.0,302,1,470.36,0.66
14432.0,9,6,2255.51,0.05
14434.0,21,6,1372.8,0.12
14436.0,98,1,89.06,0.68
14437.0,365,1,63.0,0.92
14438.0,305,1,131.9,0.8
14439.0,319,1,2661.24,0.64
14440.0,7,5,2357.68,0.11
14441.0,0,4,1712.89,0.2
14442.0,204,2,1589.82,0.52
14443.0,53,4,1420.2,0.18
14446.0,0,4,1039.58,0.44
14447.0,18,5,1163.23,0.1
14448.0,8,2,375.35,0.37
14449.0,18,4,907.1,0.06
14450.0,180,3,483.25,0.82
14451.0,59,2,662.59,0.97
14452.0,10,2,264.44,0.19
14453.0,189,1,119.93,0.4
14456.0,4,9,3062.4,0.0
14457.0,310,1,113.64,0.84
14459.0,154,1,1837.92,0.28
14460.0,109,3,434.34,0.77
14461.0,147,3,2103.06,0.41
14462.0,65,11,2004.02,0.42
14463.0,97,3,529.62,0.08
14465.0,246,3,1058.62,0.44
14466.0,28,7,2272.4,0.0
14467.0,17,4,598.76,0.75
14470.0,11,2,461.19,0.6
14472.0,103,8,1936.84,0.17
14473.0,73,2,234.34,0.44
14474.0,45,1,547.66,0.44
14475.0,71,3,925.85,0.3
14476.0,256,1,215.7,0.66
14477.0,19,4,1309.6,0.02
14479.0,253,2,316.25,0.78
14480.0,10,1,279.05,0.24
14481.0,164,2,636.51,0.36
14482.0,17,6,2068.15,0.02
14483.0,281,1,137.1,0.81
14484.0,49,1,321.92,0.2
14485.0,38,1,165.75,0.87
14487.0,26,6,1196.33,0.23
14488.0,67,1,1064.28,0.58
14489.0,206,1,463.38,0.87
14491.0,174,2,340.93,0.59
14493.0,6,5,2383.24,0.11
14494.0,25,1,139.56,0.41
14495.0,50,2,123.8,0.83
14496.0,311,2,538.81,0.47
14497.0,308,1,475.37,0.67
14498.0,42,5,1957.32,0.01
14499.0,25,3,815.32,0.67
14500.0,87,3,356.85,0.58
14501.0,183,2,251.21,0.6
14502.0,19,11,2470.67,0.06
14503.0,2,6,3543.26,0.07
14504.0,46,4,673.26,0.68
14505.0,16,8,5905.64,0.15
14506.0,16,5,2012.17,0.03
14507.0,23,6,1383.18,0.13
14508.0,21,2,276.42,0.21
14511.0,10,5,1314.81,0.38
14512.0,187,2,275.28,0.2
14513.0,100,3,455.59,0.71
14514.0,60,3,1055.35,0.16
14515.0,17,6,2102.09,0.02
14517.0,32,2,330.45,0.71
14518.0,63,1,174.37,0.43
14520.0,1,2,270.6,0.23
14522.0,23,4,974.54,0.02
14523.0,107,1,241.09,0.85
14524.0,31,9,1867.68,0.0
14525.0,19,9,4332.2,0.03
14527.0,2,55,8508.82,0.0
14528.0,36,1,364.22,0.43
14529.0,59,3,620.04,0.15
14530.0,25,6,2925.91,0.07
14532.0,235,4,932.85,0.8
14533.0,24,7,1949.72,0.02
14534.0,2,18,4447.05,0.0
14535.0,59,3,2864.19,0.47
14536.0,259,1,171.8,0.72
14537.0,57,1,355.56,0.48
14538.0,64,2,388.25,0.48
14539.0,15,2,537.48,0.47
14540.0,9,3,996.26,0.76
14541.0,58,8,1461.65,0.03
14542.0,185,1,103.25,0.93
14543.0,28,16,3630.33,0.04
14544.0,23,2,2024.45,0.12
14546.0,4,5,2578.09,0.11
14547.0,3,8,4007.54,0.07
14548.0,150,2,652.8,0.21
14549.0,310,1,289.24,0.7
14550.0,10,2,765.62,0.21
14551.0,17,2,186.23,0.83
14552.0,151,1,165.07,0.78
14553.0,18,5,859.27,0.04
14554.0,9,4,2381.04,0.17
14555.0,56,2,324.14,0.67
14557.0,84,1,788.38,0.64
14560.0,6,22,2237.77,0.03
14561.0,75,3,1080.76,0.14
14562.0,3,18,5074.77,0.0
14565.0,95,4,3099.12,0.15
14566.0,110,1,1432.0,0.49
14567.0,56,2,1530.36,0.38
14569.0,0,1,227.39,0.1
14570.0,280,2,218.06,0.5
14572.0,2,7,2832.84,0.0
14573.0,179,9,1653.42,0.53
14576.0,371,1,35.4,0.79
14577.0,12,4,859.71,0.26
14578.0,2,1,168.63,0.34
14581.0,16,1,138.6,0.57
14582.0,40,1,114.11,0.82
14583.0,5,5,1052.55,0.32
14584.0,168,4,1042.26,0.17
14585.0,49,1,157.05,0.67
14586.0,276,1,237.36,0.9
14587.0,18,9,1601.14,0.03
14589.0,371,1,39.75,0.79
14591.0,14,4,1447.14,0.48
14592.0,34,3,570.46,0.29
14593.0,21,3,617.99,0.45
14594.0,6,2,379.83,0.46
14595.0,19,6,1740.6,0.06
14597.0,10,2,883.15,0.35
14598.0,43,1,221.97,0.6
14600.0,305,1,393.33,0.39
14601.0,10,1,213.96,0.68
14603.0,274,1,660.0,0.47
14606.0,0,93,12156.65,0.0
14607.0,15,14,16569.5,0.0
14608.0,3,4,1785.15,0.23
14609.0,71,4,601.56,0.29
14616.0,242,3,406.08,0.57
14618.0,8,3,553.44,0.04
14619.0,245,1,394.44,0.58
14620.0,205,2,412.78,0.57
14621.0,0,5,1788.36,0.04
14622.0,184,1,320.58,0.99
14623.0,31,5,889.25,0.05
14624.0,56,2,225.85,0.19
14625.0,195,2,899.63,0.56
14626.0,23,4,2791.27,0.16
14628.0,90,2,671.96,0.26
14629.0,3,2,959.01,0.57
14631.0,50,3,1006.98,0.16
14632.0,262,1,114.56,0.76
14633.0,265,1,344.9,0.44
14636.0,35,2,609.85,0.53
14638.0,50,1,443.6,0.6
14639.0,51,6,2984.49,0.02
14640.0,23,6,2125.08,0.07
14641.0,21,1,110.46,0.26
14642.0,58,1,96.12,0.75
14643.0,169,2,693.81,0.17
14644.0,67,2,830.76,0.56
14645.0,156,2,597.09,0.8
14646.0,1,73,280206.02,0.0
14647.0,200,1,243.22,0.28
14649.0,4,4,1417.29,0.38
14651.0,66,2,654.6,0.85
14652.0,76,1,114.18,0.67
14653.0,0,7,1947.55,0.08
14655.0,7,4,1932.23,0.23
14656.0,168,2,291.05,0.42
14657.0,17,4,848.22,0.28
14658.0,4,2,247.15,0.56
14659.0,8,9,2529.93,0.0
14660.0,86,2,285.74,0.56
14661.0,26,1,107.95,0.27
14662.0,28,4,771.17,0.17
14664.0,19,2,637.89,0.65
14665.0,60,5,1835.7,0.11
14666.0,23,1,195.25,0.73
14667.0,10,25,9241.2,0.0
14669.0,241,3,1269.99,0.46
14670.0,279,2,411.53,0.52
14672.0,234,2,765.55,0.57
14673.0,2,5,1736.4,0.09
14675.0,15,1,604.75,0.72
14676.0,30,6,2548.24,0.01
14680.0,24,16,28754.11,0.02
14681.0,70,3,498.95,0.09
14682.0,187,2,52.0,0.27
14684.0,25,5,1236.28,0.01
14687.0,106,1,628.38,0.75
14688.0,7,21,5630.87,0.02
14689.0,208,1,112.8,0.34
14690.0,43,2,371.7,0.19
14691.0,30,5,2114.33,0.1
14692.0,136,4,591.55,0.32
14693.0,264,1,172.9,0.86
14696.0,3,7,2078.95,0.0
14697.0,217,2,188.61,0.92
14698.0,1,5,1250.76,0.21
14699.0,213,1,109.13,0.69
14700.0,31,3,2235.3,0.12
14701.0,10,9,2549.37,0.0
14702.0,0,17,3292.14,0.0
14703.0,14,1,318.17,0.24
14704.0,10,9,1546.91,0.06
14705.0,198,1,179.0,0.43
14708.0,2,3,1126.37,0.74
14709.0,14,13,4921.04,0.0
14710.0,13,4,606.13,0.81
14711.0,9,11,2868.8,0.01
14712.0,28,3,917.07,0.07
14713.0,8,11,2666.36,0.06
14714.0,23,1,160.19,0.69
14715.0,24,4,867.38,0.07
14716.0,42,2,329.68,0.61
14719.0,1,5,1602.13,0.16
14720.0,5,3,663.81,0.49
14722.0,146,1,187.92,0.77
14723.0,9,6,1158.3,0.14
14725.0,24,1,718.08,0.82
14727.0,273,1,268.58,0.85
14729.0,373,1,313.49,0.82
14730.0,0,8,2005.06,0.04
14731.0,46,3,380.02,0.31
14732.0,7,8,2702.49,0.0
14733.0,15,12,9585.91,0.0
14735.0,3,32,6065.69,0.0
14737.0,3,3,1164.55,0.59
14738.0,42,7,1314.45,0.01
14739.0,3,7,3902.28,0.02
14740.0,196,3,1448.21,0.43
14741.0,11,6,1400.34,0.27
14744.0,15,7,1099.98,0.04
14745.0,112,5,1220.26,0.26
14747.0,248,1,328.2,0.51
14748.0,28,5,1415.75,0.06
14752.0,43,1,389.64,0.82
14753.0,86,1,563.15,0.65
14754.0,44,2,638.05,0.56
14755.0,9,11,5010.28,0.0
14756.0,14,1,738.96,0.78
14757.0,74,1,420.5,0.35
14758.0,144,4,1484.06,0.13
14759.0,4,3,1625.97,0.25
14760.0,296,1,89.2,0.92
14761.0,58,2,255.9,0.28
14762.0,263,1,300.52,0.67
14764.0,46,1,278.3,0.61
14765.0,28,3,254.11,0.57
14766.0,7,6,2473.37,0.01
14768.0,16,2,192.6,0.62
14769.0,2,8,10674.75,0.27
14770.0,231,2,876.42,0.53
14772.0,111,1,139.26,0.3
14775.0,57,3,1011.9,0.16
14776.0,50,11,2538.3,0.15
14778.0,126,2,730.86,0.38
14779.0,280,3,386.15,0.47
14780.0,54,2,447.68,0.32
14782.0,319,1,200.1,0.66
14784.0,25,2,289.99,0.44
14785.0,9,2,77.4,0.18
14788.0,6,2,679.44,0.72
14789.0,28,1,197.64,0.74
14790.0,16,4,745.06,0.67
14792.0,63,1,6.2,0.34
14793.0,20,1,228.99,0.52
14794.0,2,7,1319.91,0.03
14795.0,165,1,131.45,0.37
14796.0,0,17,8022.49,0.0
14798.0,52,3,173.74,0.7
14799.0,50,1,157.7,0.61
14800.0,47,12,4339.74,0.03
14801.0,60,1,193.14,0.3
14803.0,161,3,845.55,0.2
14804.0,8,1,353.27,0.66
14805.0,14,4,554.65,0.86
14806.0,74,1,193.39,0.64
14808.0,39,8,2741.17,0.01
14810.0,40,11,2087.88,0.03
14813.0,369,2,155.43,0.51
14815.0,36,2,778.5,0.23
14816.0,196,1,271.85,0.54
14817.0,199,2,1110.34,0.58
14818.0,73,3,657.8,0.17
14819.0,63,2,272.07,0.25
14820.0,20,4,507.29,0.76
14821.0,366,1,48.8,0.91
14823.0,179,3,321.43,0.72
14824.0,9,4,1127.71,0.21
14825.0,3,12,2226.91,0.04
14828.0,196,3,2139.76,0.21
14829.0,28,4,697.55,0.45
14830.0,52,1,197.13,0.36
14834.0,17,6,1720.3,0.01
14836.0,9,3,102.45,0.23
14837.0,89,4,1649.5,0.41
14840.0,267,1,62.85,0.97
14841.0,52,6,3295.76,0.24
14842.0,43,4,2824.69,0.21
14844.0,63,4,3189.81,0.16
14847.0,148,1,309.4,0.81
14849.0,21,25,7930.54,0.0
14850.0,311,1,325.75,0.64
14851.0,22,2,511.35,0.46
14852.0,57,6,2836.69,0.09
14853.0,23,2,475.8,0.24
14854.0,77,7,2759.83,0.11
14855.0,118,2,645.65,0.56
14856.0,35,3,1311.38,0.49
14857.0,59,2,1173.12,0.41
14859.0,12,4,1353.74,0.16
14860.0,18,1,170.32,0.45
14861.0,51,1,125.79,0.5
14862.0,25,2,841.2,0.45
14863.0,28,1,266.76,0.35
14865.0,6,2,52.2,0.2
14866.0,10,12,14389.9,0.0
14867.0,185,3,710.28,0.68
14868.0,2,8,2953.59,0.0
14869.0,8,2,725.7,0.51
14870.0,261,1,327.25,0.47
14871.0,2,4,522.38,0.78
14873.0,209,1,519.68,0.97
14875.0,107,2,1465.32,0.19
14878.0,12,9,1485.54,0.06
14880.0,76,3,706.19,0.35
14881.0,19,1,255.4,0.44
14882.0,26,2,589.7,0.69
14883.0,18,6,761.59,0.09
14885.0,131,1,765.32,0.29
14886.0,252,1,364.8,0.38
14887.0,78,1,1862.0,0.35
14888.0,206,1,369.2,0.94
14889.0,335,1,135.9,0.82
14890.0,253,1,125.65,0.64
14891.0,147,2,554.38,0.79
14893.0,9,2,1237.85,0.57
14894.0,84,1,655.75,0.78
14895.0,7,20,11138.71,0.02
14896.0,204,2,468.77,0.45
14897.0,7,4,1366.38,0.06
14898.0,22,6,1303.52,0.15
14901.0,10,9,1421.29,0.08
14902.0,25,1,332.66,0.24
14903.0,20,5,2810.63,0.0
14904.0,1,2,1025.44,0.66
14905.0,157,2,616.15,0.74
14907.0,2,7,3501.1,0.0
14908.0,73,1,277.8,0.5
14910.0,2,4,434.35,0.82
14911.0,0,201,143825.06,0.0
14912.0,16,2,867.85,0.16
14913.0,35,4,1227.43,0.02
14915.0,90,2,307.48,0.48
14916.0,70,4,1268.98,0.05
14918.0,115,2,1610.15,0.67
14920.0,212,2,977.77,0.64
14921.0,29,2,1316.07,0.54
14923.0,50,1,749.1,0.68
14924.0,245,1,310.05,0.77
14929.0,31,1,223.88,0.28
14930.0,108,3,2372.86,0.13
14931.0,4,5,1257.68,0.18
14932.0,365,1,363.53,0.66
14934.0,81,2,1890.94,0.14
14935.0,296,1,1784.71,0.64
14936.0,33,8,8137.02,0.03
14937.0,56,3,1621.88,0.35
14944.0,29,12,5900.25,0.0
14946.0,13,1,100.9,0.34
14947.0,71,2,290.82,0.46
14948.0,22,6,1101.97,0.34
14950.0,18,1,371.2,0.27
14951.0,78,1,311.69,0.78
14952.0,59,11,8099.49,0.05
14953.0,24,1,289.82,0.27
14954.0,11,1,336.17,0.29
14957.0,252,1,58.49,0.85
14958.0,146,3,499.68,0.41
14959.0,63,4,695.42,0.27
14960.0,7,2,221.27,0.23
14961.0,10,9,7044.68,0.03
14962.0,270,1,126.7,0.65
14963.0,9,5,1487.8,0.4
14964.0,246,1,206.21,0.83
14965.0,95,2,599.0,0.08
14966.0,14,1,191.32,0.7
14967.0,49,1,463.8,0.53
14968.0,29,1,147.59,0.53
14970.0,67,4,1592.06,0.31
14971.0,34,3,1116.57,0.17
14972.0,127,1,114.77,0.53
14973.0,106,3,1314.45,0.61
14974.0,36,1,114.39,0.54
14975.0,56,1,279.94,0.57
14976.0,56,7,790.86,0.09
14978.0,71,5,1931.42,0.02
14981.0,245,1,102.12,0.53
14984.0,18,2,213.27,0.24
14985.0,197,2,296.75,0.37
14987.0,15,2,326.4,0.48
14988.0,211,1,334.54,0.93
14995.0,38,2,233.23,0.31
14997.0,45,3,546.2,0.27
14998.0,169,2,429.87,0.9
15000.0,47,1,490.52,0.71
15002.0,115,4,1641.76,0.31
15004.0,146,1,1246.32,0.91
15005.0,15,28,6316.57,0.0
15006.0,50,1,502.09,0.75
15007.0,158,1,156.91,0.81
15009.0,11,3,1261.78,0.73
15010.0,35,1,308.94,0.33
15012.0,53,2,423.04,0.15
15014.0,42,2,260.17,0.16
15016.0,172,1,170.04,0.65
15017.0,33,1,125.58,0.22
15018.0,38,3,496.21,0.22
15019.0,266,1,266.0,0.55
15021.0,8,9,1914.82,0.1
15022.0,11,4,905.04,0.1
15023.0,2,11,6802.76,0.0
15024.0,9,10,1661.33,0.02
15025.0,32,1,377.01,0.25
15026.0,79,3,469.0,0.03
15027.0,30,4,1066.15,0.19
15028.0,7,4,627.13,0.51
15030.0,71,2,518.28,0.27
15031.0,3,4,668.14,0.84
15032.0,255,3,4959.1,0.54
15033.0,4,10,2586.67,0.05
15034.0,15,8,4308.61,0.16
15035.0,89,1,252.73,0.29
15036.0,71,3,465.55,0.1
15038.0,58,6,705.49,0.2
15039.0,9,47,19914.44,0.01
15041.0,169,1,180.35,0.35
15042.0,198,1,135.93,0.7
15043.0,30,1,537.0,0.46
15044.0,18,17,7700.23,0.0
15045.0,151,2,735.66,0.24
15046.0,8,15,5213.77,0.0
15047.0,269,1,343.62,0.31
15048.0,64,4,384.05,0.47
15049.0,273,1,121.17,0.34
15050.0,24,3,1782.09,0.3
15051.0,22,3,1391.61,0.27
15052.0,318,1,215.78,0.41
15053.0,4,3,697.79,0.39
15054.0,11,2,302.1,0.45
15057.0,274,2,1489.5,0.55
15058.0,24,11,2124.99,0.02
15059.0,40,9,1337.72,0.0
15060.0,7,4,303.09,0.62
15061.0,3,48,54534.14,0.0
15062.0,70,4,987.86,0.13
15063.0,212,1,370.8,0.84
15065.0,37,4,3158.13,0.28
15066.0,52,1,893.59,0.88
15067.0,77,3,1744.76,0.12
15068.0,45,2,553.36,0.56
15069.0,178,1,1109.53,0.65
15070.0,372,1,106.2,0.86
15071.0,93,2,982.07,0.47
15073.0,9,3,1043.41,0.73
15074.0,104,1,748.87,0.39
15075.0,77,1,773.03,0.42
15076.0,172,1,880.85,0.64
15078.0,6,32,9743.11,0.0
15079.0,212,4,895.61,0.63
15081.0,21,5,504.8,0.48
15083.0,256,1,88.2,0.76
15087.0,281,1,306.94,0.31
15088.0,20,2,1160.07,0.23
15089.0,9,6,2420.84,0.03
15090.0,307,1,381.32,0.49
15091.0,67,1,480.71,0.55
15092.0,214,2,457.81,0.96
15093.0,17,6,4597.02,0.02
15095.0,103,4,1370.6,0.29
15096.0,42,1,219.39,0.6
15097.0,3,1,248.08,0.15
15098.0,181,3,39916.5,0.48
15099.0,83,1,410.48,0.72
15100.0,333,3,876.0,0.62
15101.0,8,2,317.53,0.74
15103.0,30,2,703.36,0.56
15104.0,196,2,1027.44,0.63
15105.0,17,7,2298.93,0.04
15106.0,17,5,1422.52,0.15
15107.0,310,6,319.5,0.84
15108.0,141,4,1300.25,0.04
15109.0,245,1,484.95,0.75
15110.0,23,4,996.1,0.02
15111.0,28,3,1567.48,0.53
15113.0,9,3,3609.33,0.21
15114.0,29,10,2760.56,0.0
15115.0,17,1,340.11,0.37
15116.0,17,4,1352.75,0.07
15117.0,14,5,1551.78,0.16
15118.0,133,1,244.8,0.75
15119.0,245,1,266.4,0.77
15120.0,133,1,358.82,0.97
15121.0,49,2,457.72,0.29
15122.0,113,3,1633.78,0.38
15123.0,6,2,2199.31,0.36
15124.0,22,2,184.19,0.66
15125.0,24,15,11528.48,0.02
15127.0,65,1,406.53,0.5
15128.0,59,4,1471.0,0.32
15129.0,49,11,3447.4,0.09
15130.0,169,1,330.11,0.69
15132.0,17,5,977.93,0.18
15133.0,127,3,982.42,0.23
15134.0,14,8,1387.99,0.03
15135.0,238,1,139.05,0.82
15136.0,2,4,1286.7,0.26
15139.0,239,2,178.96,0.76
15140.0,51,7,2354.25,0.0
15142.0,45,1,498.74,0.54
15143.0,225,1,259.45,0.2
15144.0,7,17,6580.44,0.02
15145.0,3,4,1194.73,0.61
15146.0,164,2,1327.16,0.45
15147.0,239,1,623.5,0.75
15148.0,10,1,301.29,0.3
15149.0,133,1,520.8,0.95
15150.0,16,10,5314.47,0.0
15152.0,9,13,4745.69,0.0
15153.0,30,1,329.25,0.08
15154.0,74,1,296.42,0.7
15156.0,0,3,961.49,0.38
15157.0,3,3,1936.07,0.08
15158.0,44,1,401.4,0.46
15159.0,1,30,18641.01,0.0
15160.0,356,1,158.16,0.74
15163.0,17,2,304.47,0.25
15164.0,68,3,843.05,0.53
15165.0,372,1,487.75,0.79
15167.0,320,1,163.0,0.58
15168.0,25,1,106.56,0.22
15171.0,330,1,1289.5,0.6
15172.0,8,5,1624.05,0.09
15174.0,322,1,135.75,0.82
15175.0,71,1,224.14,0.49
15178.0,259,1,40.5,0.83
15179.0,17,5,2206.95,0.16
15180.0,366,1,87.5,0.92
15181.0,65,3,689.48,0.43
15182.0,153,2,622.85,0.68
15184.0,28,2,406.76,0.23
15185.0,69,1,310.62,0.82
15186.0,13,2,411.41,0.25
15187.0,1,16,4777.18,0.0
15189.0,0,41,16225.39,0.0
15192.0,119,3,1044.32,0.25
15193.0,60,1,499.32,0.26
15194.0,2,15,7616.53,0.0
15195.0,2,1,3861.0,0.34
15197.0,10,3,1079.61,0.71
15198.0,91,2,193.64,0.91
15199.0,58,4,1268.7,0.03
15201.0,86,5,1236.54,0.01
15203.0,25,6,1827.8,0.01
15204.0,356,1,316.58,0.63
15205.0,84,2,653.24,0.6
15206.0,9,4,420.3,0.67
15208.0,0,5,870.12,0.34
15210.0,224,1,331.18,0.84
15211.0,59,2,894.41,0.36
15212.0,240,1,101.8,0.68
15213.0,318,2,328.35,0.49
15214.0,1,8,1661.44,0.22
15215.0,46,3,734.94,0.32
15216.0,87,1,96.6,0.65
15218.0,10,11,5756.89,0.0
15219.0,175,1,305.75,0.34
15220.0,51,6,1778.96,0.0
15221.0,365,1,403.25,0.55
15222.0,318,1,585.0,0.84
15223.0,225,2,755.75,0.63
15224.0,357,2,322.08,0.55
15225.0,233,1,409.4,0.97
15226.0,310,1,154.41,0.83
15227.0,36,5,1219.4,0.27
15228.0,65,4,3386.71,0.07
15230.0,238,2,429.6,0.58
15232.0,112,2,612.06,0.5
15234.0,276,1,197.0,0.68
15235.0,217,12,2247.51,0.78
15236.0,298,1,321.05,0.63
15237.0,1,4,1412.32,0.16
15238.0,28,3,1071.99,0.28
15239.0,9,2,780.59,0.1
15240.0,44,5,1706.57,0.14
15241.0,66,8,1756.44,0.04
15243.0,73,1,316.68,0.62
15244.0,64,2,631.57,0.75
15245.0,133,3,2515.84,0.27
15246.0,237,2,514.15,0.54
15247.0,121,1,356.0,0.73
15249.0,31,13,6688.46,0.01
15251.0,8,11,10484.99,0.0
15252.0,35,2,740.78,0.34
15253.0,15,5,918.2,0.02
15254.0,126,1,300.36,0.26
15255.0,66,1,890.85,0.79
15256.0,148,1,98.45,0.94
15257.0,282,1,317.15,0.47
15258.0,168,2,623.16,0.92
15260.0,99,7,1810.77,0.15
15261.0,134,1,254.82,0.78
15262.0,323,1,178.95,0.3
15263.0,106,1,156.51,0.63
15264.0,63,1,393.74,0.36
15265.0,150,2,1506.12,0.68
15266.0,337,1,119.3,0.82
15267.0,21,5,1717.36,0.04
15269.0,23,1,408.8,0.61
15270.0,15,7,2379.49,0.03
15271.0,6,15,2507.07,0.02
15272.0,56,2,721.94,0.81
15274.0,3,2,716.57,0.54
15275.0,37,1,615.14,0.78
15276.0,65,1,135.31,0.49
15277.0,46,1,255.9,0.6
15279.0,354,1,290.51,0.7
15280.0,171,1,113.12,0.71
15281.0,58,9,2332.15,0.09
15286.0,49,1,240.55,0.55
15287.0,21,2,486.69,0.29
15288.0,42,5,2306.52,0.08
15289.0,28,3,939.78,0.08
15290.0,4,18,7943.22,0.0
15291.0,25,15,4668.3,0.01
15292.0,200,1,180.94,0.22
15296.0,50,6,3672.86,0.15
15297.0,9,3,641.94,0.37
15298.0,1,12,4799.9,0.0
15299.0,66,7,4507.01,0.15
15300.0,63,1,496.44,0.32
15301.0,50,12,5070.35,0.01
15303.0,289,1,574.02,0.84
15304.0,60,8,694.4,0.28
15306.0,63,3,1174.35,0.02
15307.0,95,1,205.3,0.94
15308.0,273,1,310.47,0.93
15311.0,0,91,60767.9,0.0
15312.0,74,4,924.85,0.22
15313.0,109,1,52.0,0.5
15314.0,198,1,327.97,0.92
15315.0,63,2,570.5,0.52
15316.0,326,1,165.0,0.48
15318.0,3,1,312.62,0.62
15319.0,283,1,204.5,0.65
15320.0,43,1,267.13,0.87
15321.0,70,3,2748.31,0.16
15322.0,85,1,679.68,0.83
15325.0,103,1,162.29,0.42
15326.0,333,1,311.71,0.93
15327.0,52,1,208.75,0.32
15329.0,38,3,1049.7,0.57
15330.0,31,2,714.96,0.75
15332.0,365,4,1661.06,0.79
15333.0,207,1,1028.56,0.87
15334.0,156,3,351.67,0.92
15335.0,53,1,173.97,0.39
15339.0,65,2,574.07,0.33
15341.0,80,1,2020.52,0.33
15342.0,129,1,406.09,0.89
15343.0,86,1,364.5,0.87
15344.0,0,3,563.94,0.18
15345.0,45,1,393.54,0.26
15346.0,332,1,252.42,0.85
15347.0,365,1,201.6,0.68
15348.0,71,1,158.04,0.99
15349.0,157,2,473.81,0.77
15350.0,372,1,115.65,0.85
15351.0,11,7,1960.11,0.07
15353.0,254,2,777.02,0.49
15355.0,28,2,277.05,0.4
15356.0,30,10,2766.5,0.0
15358.0,4,22,8347.2,0.0
15360.0,39,1,427.93,0.8
15361.0,361,1,418.92,0.6
15363.0,372,1,326.0,0.64
15364.0,95,2,913.19,0.35
15365.0,25,7,2314.32,0.0
15366.0,74,2,602.51,0.78
15367.0,56,4,1877.59,0.07
15368.0,20,1,446.94,0.24
15370.0,40,7,2386.05,0.0
15372.0,136,1,2007.4,0.73
15373.0,7,12,2415.91,0.03
15374.0,128,1,168.0,0.67
15376.0,39,3,1233.36,0.28
15379.0,168,7,3703.29,0.49
15380.0,8,5,1690.26,0.07
15381.0,213,2,596.85,0.85
15382.0,14,6,5955.71,0.09
15384.0,169,2,642.41,0.32
15385.0,39,1,316.88,0.37
15386.0,185,1,394.14,0.98
15388.0,269,1,140.54,0.72
15389.0,171,1,500.0,0.3
15392.0,4,4,1535.53,0.38
15393.0,15,2,231.86,0.36
15394.0,9,4,2183.54,0.1
15395.0,325,1,107.45,0.84
15396.0,112,1,288.18,0.27
15397.0,289,1,94.0,0.77
15398.0,15,2,1345.53,0.4
15399.0,0,3,815.77,0.21
15400.0,91,5,716.2,0.3
15402.0,148,2,626.77,0.59
15405.0,188,1,349.1,0.97
15406.0,30,2,510.71,0.27
15407.0,33,4,1056.44,0.15
15408.0,263,1,267.18,0.63
15410.0,83,8,3450.84,0.15
15411.0,25,4,1358.88,0.21
15412.0,170,1,190.53,0.26
15414.0,9,3,774.9,0.18
15415.0,312,1,572.81,0.84
15416.0,64,4,3984.32,0.08
15417.0,84,1,508.8,0.9
15419.0,24,1,135.86,0.5
15421.0,58,4,950.36,0.02
15422.0,322,2,97.7,0.53
15423.0,37,1,43.5,0.6
15424.0,253,2,383.34,0.86
15426.0,18,5,1447.39,0.14
15427.0,32,3,1483.14,0.52
15428.0,14,1,93.78,0.42
15429.0,26,2,397.35,0.22
15432.0,22,1,171.19,0.35
15433.0,213,2,533.3,0.8
15434.0,7,5,1041.48,0.07
15435.0,21,1,149.29,0.66
15436.0,11,3,1122.53,0.62
15437.0,261,1,200.16,0.78
15438.0,130,1,156.58,0.9
15440.0,54,3,383.68,0.2
15442.0,248,1,594.0,0.6
15443.0,1,7,3236.91,0.04
15444.0,8,2,1418.26,0.27
15445.0,263,1,113.5,0.77
15447.0,330,1,155.17,0.83
15448.0,312,1,494.64,0.79
15449.0,25,3,974.52,0.52
15450.0,29,1,429.84,0.25
15452.0,29,3,538.73,0.13
15453.0,1,7,1388.37,0.45
15454.0,361,1,179.1,0.3
15456.0,282,3,447.22,0.44
15457.0,261,1,237.07,0.76
15458.0,24,1,161.64,0.7
15460.0,353,1,216.76,0.37
15462.0,93,3,234.6,0.92
15463.0,28,1,126.14,0.19
15464.0,337,1,1048.85,0.56
15465.0,19,18,7354.62,0.0
15466.0,84,1,334.53,0.91
15467.0,8,3,524.88,0.2
15468.0,50,2,467.51,0.3
15469.0,49,2,538.55,0.38
15471.0,1,1,469.48,0.29
15472.0,112,1,371.56,0.56
15473.0,13,7,1771.2,0.28
15475.0,76,1,454.11,0.18
15478.0,39,2,1441.42,0.37
15480.0,115,1,905.5,0.39
15482.0,15,12,11054.96,0.0
15483.0,160,4,233.81,0.52
15484.0,0,4,3594.31,0.18
15485.0,29,3,2575.0,0.33
15488.0,92,1,91.32,0.51
15489.0,22,3,1134.28,0.12
15491.0,94,6,3100.09,0.27
15492.0,27,2,659.46,0.56
15493.0,32,5,2001.8,0.11
15494.0,20,2,1299.23,0.32
15497.0,17,2,1262.2,0.28
15498.0,2,27,13316.4,0.0
15500.0,7,4,1131.56,0.19
15502.0,15,12,10384.93,0.04
15503.0,362,1,147.09,0.8
15504.0,80,1,52.83,0.51
15505.0,52,5,3610.96,0.14
15506.0,22,3,979.26,0.23
15507.0,171,1,492.36,0.42
15508.0,188,6,1000.27,0.61
15510.0,330,1,250.0,0.87
15511.0,11,5,909.23,0.21
15512.0,155,2,121.0,0.78
15513.0,32,19,14758.22,0.0
15514.0,11,11,4139.46,0.0
15516.0,44,3,62.43,0.55
15517.0,232,1,267.03,0.85
15518.0,63,8,1942.45,0.06
15520.0,1,1,343.5,0.54
15521.0,39,8,3000.2,0.01
15522.0,32,2,398.84,0.53
15523.0,83,1,412.01,0.72
15524.0,24,1,440.0,0.27
15525.0,1,3,825.92,0.28
15526.0,32,2,148.44,0.81
15527.0,18,8,2429.78,0.15
15528.0,253,1,229.33,0.77
15529.0,22,11,3995.23,0.0
15530.0,21,4,1502.35,0.15
15531.0,7,2,2007.44,0.34
15532.0,24,4,1580.93,0.16
15533.0,18,3,807.57,0.19
15535.0,172,4,536.4,0.61
15537.0,162,1,110.92,0.59
15539.0,6,1,538.46,0.29
15540.0,10,1,213.3,0.54
15541.0,113,1,85.13,0.59
15543.0,287,1,127.86,0.78
15544.0,8,9,3546.71,0.05
15545.0,53,2,292.72,0.43
15547.0,6,14,4954.84,0.0
15549.0,76,3,1693.26,0.32
15550.0,3,4,575.63,0.78
15551.0,36,1,436.06,0.23
15552.0,216,1,90.12,0.95
15553.0,59,1,437.23,0.21
15554.0,277,1,217.2,0.26
15555.0,11,16,4805.17,0.0
15556.0,23,1,279.77,0.47
15557.0,28,1,473.65,0.36
15561.0,11,4,800.59,0.14
15562.0,351,1,134.55,0.82
15563.0,21,4,1400.44,0.03
15565.0,49,2,173.16,0.83
15567.0,18,1,186.01,0.69
15568.0,2,3,758.29,0.19
15569.0,103,5,1375.71,0.35
15570.0,6,12,4165.52,0.01
15571.0,11,4,650.43,0.42
15572.0,4,7,2552.86,0.0
15573.0,31,2,607.45,0.6
15574.0,177,4,702.25,0.36
15576.0,37,1,940.67,0.69
15577.0,150,3,258.88,0.69
15578.0,161,1,127.1,0.95
15579.0,68,2,348.6,0.75
15581.0,120,13,3679.97,0.49
15582.0,24,3,682.91,0.51
15584.0,23,4,725.11,0.29
15585.0,176,1,455.3,0.63
15587.0,49,4,913.68,0.04
15589.0,255,3,478.53,0.33
15592.0,46,1,388.58,0.26
15593.0,70,1,199.8,0.86
15594.0,15,5,1771.78,0.06
15596.0,100,5,1406.59,0.41
15597.0,34,1,324.57,0.1
15598.0,52,1,240.68,0.65
15599.0,26,2,761.74,0.24
15601.0,10,14,6776.56,0.01
15602.0,7,9,1297.87,0.07
15603.0,78,1,48.48,0.47
15604.0,51,1,216.39,0.31
15605.0,35,5,1198.23,0.35
15606.0,60,9,2920.16,0.1
15607.0,336,1,104.76,0.84
15608.0,27,4,1093.68,0.07
15609.0,183,1,298.48,0.3
15610.0,51,1,112.46,0.6
15611.0,9,13,1591.45,0.0
15612.0,35,2,195.15,0.74
15615.0,9,23,10399.74,0.08
15618.0,32,4,776.85,0.13
15619.0,10,1,336.4,0.38
15620.0,56,3,1553.18,0.21
15621.0,3,4,1293.03,0.39
15622.0,42,9,3709.56,0.28
15623.0,140,1,301.03,0.69
15624.0,116,4,588.13,0.41
15625.0,103,4,1534.26,0.43
15626.0,74,2,675.8,0.81
15628.0,4,9,2870.24,0.0
15630.0,44,2,1186.35,0.13
15632.0,15,8,3285.31,0.06
15634.0,16,1,243.55,0.84
15636.0,89,2,724.76,0.41
15637.0,52,1,223.36,0.3
15639.0,133,1,425.32,0.96
15640.0,3,15,12515.66,0.0
15641.0,104,4,1887.2,0.16
15643.0,191,3,664.0,0.58
15644.0,165,4,813.0,0.35
15645.0,18,1,612.01,0.85
15646.0,157,3,447.64,0.94
15648.0,203,2,657.35,0.47
15649.0,335,2,816.0,0.49
15651.0,36,3,646.3,0.32
15652.0,90,1,337.74,0.5
15653.0,92,2,877.44,0.35
15654.0,8,2,922.53,0.61
15655.0,242,1,560.67,0.78
15656.0,44,4,748.5,0.65
15657.0,22,1,30.0,0.72
15658.0,189,5,1024.1,0.65
15659.0,43,1,306.45,0.84
15660.0,24,9,1600.86,0.0
15661.0,316,2,309.8,0.56
15663.0,105,1,138.14,0.79
15664.0,50,1,386.43,0.36
15665.0,167,2,2242.01,0.25
15667.0,39,1,301.32,0.71
15668.0,217,1,76.32,0.94
15669.0,39,4,684.34,0.29
15670.0,296,1,173.05,0.35
15671.0,18,7,2657.13,0.07
15673.0,87,4,2881.02,0.14
15674.0,72,5,2446.6,0.07
15675.0,80,3,323.69,0.57
15676.0,18,3,3435.76,0.24
15677.0,48,1,657.23,0.67
15678.0,52,1,352.7,0.24
15679.0,23,4,781.28,0.08
15680.0,8,3,1333.68,0.52
15681.0,24,5,1426.16,0.04
15683.0,116,1,193.75,0.2
15687.0,8,9,2993.1,0.0
15689.0,119,2,254.1,0.47
15690.0,3,2,239.76,0.52
15691.0,251,1,136.8,0.91
15692.0,27,1,191.04,0.86
15694.0,0,14,6479.4,0.0
15695.0,266,2,409.98,0.36
15696.0,32,8,2736.46,0.01
15699.0,17,1,309.65,0.28
15700.0,171,2,696.68,0.14
15701.0,1,4,1542.14,0.21
15703.0,264,1,211.5,0.72
15704.0,139,4,2293.62,0.17
15705.0,200,1,143.1,0.61
15706.0,63,4,1060.56,0.31
15707.0,34,4,945.58,0.0
15708.0,40,7,3364.24,0.09
15709.0,283,1,133.25,0.82
15712.0,8,5,1072.36,0.08
15713.0,142,2,356.7,0.46
15714.0,11,2,330.88,0.4
15716.0,145,4,1118.81,0.25
15717.0,233,1,150.3,0.85
15719.0,32,13,5045.61,0.0
15720.0,23,1,598.73,0.98
15721.0,11,1,507.08,0.54
15722.0,35,5,2222.56,0.43
15723.0,364,1,203.1,0.64
15724.0,200,2,218.25,0.58
15725.0,14,1,415.25,0.2
15727.0,16,7,5178.96,0.03
15729.0,212,1,85.0,0.93
15730.0,65,3,1120.88,0.15
15732.0,211,2,294.12,0.91
15733.0,282,1,162.3,0.74
15734.0,114,2,1339.45,0.56
15737.0,14,8,1205.12,0.03
15738.0,18,16,4812.42,0.0
15739.0,65,1,449.12,0.37
15740.0,48,1,154.88,0.66
15743.0,15,4,784.46,0.12
15744.0,77,1,34.8,0.7
15745.0,18,4,1094.59,0.08
15746.0,133,1,196.88,0.9
15747.0,12,3,974.04,0.12
15748.0,39,1,149.31,0.54
15749.0,234,3,44534.3,0.6
15750.0,2,8,2465.48,0.0
15752.0,39,7,2637.38,0.01
15753.0,304,1,79.2,0.94
15754.0,50,3,458.57,0.28
15755.0,9,6,2364.25,0.06
15756.0,60,4,532.96,0.49
15757.0,65,2,714.42,0.59
15758.0,24,1,205.25,0.78
15759.0,217,3,253.04,0.41
15762.0,64,2,583.75,0.44
15763.0,31,2,1086.92,0.48
15764.0,87,6,3279.97,0.22
15766.0,63,1,315.06,0.65
15768.0,115,3,621.83,0.2
15769.0,6,26,56252.72,0.0
15773.0,5,1,635.68,0.43
15774.0,68,1,270.8,0.7
15775.0,244,1,104.9,0.35
15776.0,132,1,241.62,0.72
15777.0,240,4,1047.11,0.67
15780.0,183,3,475.28,0.81
15781.0,24,3,345.46,0.66
15782.0,9,3,2614.74,0.46
15783.0,10,1,246.3,0.62
15785.0,32,5,2328.97,0.24
15786.0,45,3,4932.2,0.48
15787.0,25,3,948.05,0.37
15789.0,357,1,351.3,0.85
15790.0,9,1,220.85,0.31
15791.0,43,2,1612.69,0.37
15793.0,14,3,965.61,0.05
15795.0,149,1,610.01,0.91
15796.0,0,8,2711.56,0.0
15797.0,112,4,2207.4,0.13
15799.0,75,3,884.14,0.09
15800.0,106,2,699.08,0.42
15801.0,45,3,1063.95,0.35
15802.0,142,1,451.42,0.73
15803.0,50,1,415.82,0.63
15804.0,0,13,4206.39,0.0
15805.0,22,17,5528.48,0.0
15806.0,45,3,784.58,0.23
15807.0,49,3,903.9,0.04
15808.0,305,4,3734.97,0.79
15809.0,35,5,515.77,0.44
15810.0,78,4,1391.98,0.1
15811.0,21,6,2218.62,0.03
15812.0,106,5,1801.14,0.19
15813.0,207,2,1303.91,0.45
15814.0,16,4,1945.33,0.44
15815.0,63,5,2100.6,0.11
15819.0,48,4,1905.45,0.11
15820.0,319,1,206.98,0.7
15821.0,43,2,570.96,0.82
15822.0,2,2,885.47,0.69
15823.0,371,1,15.0,0.84
15825.0,171,1,532.94,0.64
15826.0,55,3,1654.31,0.3
15827.0,72,14,1836.09,0.21
15829.0,98,2,636.14,0.62
15830.0,37,1,576.0,0.72
15831.0,57,3,801.76,0.12
15832.0,253,1,836.79,0.73
15834.0,69,4,2233.75,0.14
15835.0,43,4,954.09,0.03
15836.0,49,1,137.37,0.44
15837.0,64,1,391.98,0.37
15838.0,10,19,33643.08,0.0
15839.0,32,3,1048.49,0.5
15840.0,58,2,355.56,0.8
15841.0,72,4,1224.06,0.13
15843.0,303,1,118.95,0.83
15844.0,45,1,130.74,0.32
15845.0,17,8,3711.77,0.54
15847.0,37,2,389.27,0.36
15850.0,18,2,238.85,0.55
15852.0,186,2,160.71,0.82
15853.0,51,1,110.8,0.7
15854.0,3,12,2974.65,0.0
15855.0,136,5,712.24,0.31
15856.0,3,27,16387.57,0.0
15857.0,18,1,297.0,0.2
15858.0,15,5,1438.85,0.21
15860.0,40,8,977.21,0.2
15861.0,11,8,3165.36,0.06
15862.0,7,4,832.88,0.08
15863.0,25,2,68.84,0.17
15864.0,21,6,1936.32,0.12
15865.0,40,3,895.13,0.18
15866.0,100,1,230.53,0.78
15867.0,4,15,3812.64,0.0
15869.0,276,2,149.64,0.66
15870.0,32,1,354.09,0.1
15872.0,14,2,360.93,0.44
15874.0,63,7,4405.88,0.1
15877.0,1,2,493.28,0.75
15880.0,368,1,343.28,0.71
15881.0,311,5,501.39,0.81
15882.0,198,4,516.36,0.84
15883.0,1,2,396.48,0.53
15885.0,92,3,379.35,0.44
15886.0,59,1,181.09,0.71
15888.0,80,1,168.31,0.67
15889.0,156,2,446.87,0.92
15891.0,226,1,524.52,0.72
15894.0,252,2,263.55,0.69
15895.0,149,1,179.17,0.64
15897.0,193,2,222.05,0.65
15898.0,0,5,1388.88,0.15
15899.0,368,1,56.25,0.92
15900.0,23,1,351.11,0.58
15901.0,16,3,363.88,0.64
15903.0,9,7,5126.76,0.09
15904.0,7,1,164.68,0.44
15906.0,19,7,1567.69,0.01
15907.0,3,3,967.45,0.09
15909.0,173,1,191.94,0.32
15910.0,0,8,1232.18,0.2
15912.0,177,2,264.62,0.78
15916.0,15,8,1528.09,0.05
15917.0,247,1,123.1,0.85
15918.0,190,2,334.23,0.16
15919.0,19,2,639.89,0.66
15920.0,153,4,167.5,0.52
15921.0,172,1,336.03,0.93
15922.0,372,1,369.5,0.58
15923.0,372,1,127.08,0.78
15925.0,193,1,207.15,0.83
15930.0,66,1,426.63,0.42
15932.0,3,8,2495.87,0.0
15933.0,20,3,1107.46,0.2
15935.0,238,2,416.86,0.54
15937.0,63,1,145.35,0.23
15938.0,111,5,404.58,0.58
15939.0,89,15,6115.01,0.27
15940.0,310,1,35.8,0.79
15942.0,133,1,337.44,0.82
15944.0,276,1,325.1,0.69
15945.0,364,1,181.0,0.3
15947.0,82,1,1708.24,0.55
15948.0,7,2,955.24,0.22
15949.0,16,2,364.72,0.38
15950.0,31,4,1765.51,0.29
15951.0,8,2,708.22,0.77
15952.0,33,4,806.57,0.07
15953.0,14,8,1659.38,0.02
15955.0,23,14,4416.26,0.03
15957.0,31,1,428.89,0.18
15958.0,73,1,104.35,0.79
15963.0,19,2,470.76,0.34
15965.0,16,4,845.64,0.27
15967.0,22,2,418.83,0.08
15969.0,2,3,666.1,0.55
15970.0,303,1,314.1,0.6
15971.0,17,12,4199.85,0.0
15973.0,366,1,307.82,0.9
15974.0,38,7,3442.15,0.12
15975.0,83,1,371.01,0.93
15976.0,164,2,430.94,0.98
15977.0,16,2,1054.73,0.21
15978.0,76,1,1098.78,0.58
15980.0,88,3,2398.86,0.12
15981.0,24,8,3408.48,0.13
15983.0,21,4,1475.02,0.27
15984.0,2,10,2837.67,0.0
15985.0,122,2,1142.42,0.76
15986.0,29,1,168.12,0.78
15987.0,11,7,1451.28,0.13
15988.0,18,1,158.03,0.66
15990.0,43,2,792.11,0.15
15992.0,3,1,41.99,0.58
15993.0,8,7,2797.57,0.0
15994.0,54,1,427.07,0.77
15996.0,87,6,1060.68,0.18
15998.0,36,5,3089.97,0.29
16000.0,2,3,12393.7,0.11
16003.0,29,5,2735.37,0.0
16005.0,11,4,615.39,0.7
16006.0,210,1,101.4,0.68
16007.0,47,4,1701.94,0.15
16008.0,23,3,478.78,0.37
16009.0,21,4,992.71,0.02
16010.0,245,3,407.5,0.52
16011.0,7,16,3362.71,0.0
16012.0,34,3,1415.29,0.29
16013.0,3,47,37130.6,0.0
16014.0,37,3,662.38,0.24
16015.0,3,3,705.39,0.42
16016.0,2,8,1508.76,0.06
16017.0,46,1,211.88,0.14
16018.0,38,2,408.9,0.4
16019.0,46,9,3786.24,0.1
16020.0,16,3,851.01,0.09
16022.0,259,1,628.28,0.36
16023.0,45,3,719.81,0.35
16024.0,11,1,251.24,0.4
16025.0,29,1,439.66,0.21
16026.0,42,1,236.09,0.79
16027.0,91,6,934.62,0.38
16029.0,38,63,81024.84,0.0
16030.0,309,1,331.24,0.56
16031.0,91,2,548.94,0.04
16033.0,5,20,8816.4,0.0
16034.0,195,3,437.7,0.8
16036.0,86,2,758.92,0.5
16037.0,269,3,855.02,0.59
16038.0,7,3,471.78,0.22
16040.0,64,3,1313.55,0.1
16041.0,30,3,3166.4,0.23
16042.0,21,5,1197.27,0.05
16043.0,37,4,773.99,0.05
16045.0,119,4,1340.7,0.1
16048.0,372,2,256.44,0.41
16049.0,39,3,1111.79,0.21
16050.0,173,1,137.9,0.78
16052.0,53,1,362.06,0.42
16053.0,32,2,1511.95,0.47
16054.0,144,1,783.9,0.38
16055.0,220,1,134.8,0.72
16056.0,44,1,664.85,0.58
16057.0,15,7,2263.12,0.02
16059.0,65,6,1459.86,0.05
16062.0,9,4,1153.62,0.2
16063.0,259,1,335.32,0.34
16065.0,364,1,372.09,0.58
16066.0,16,5,1521.87,0.11
16070.0,21,2,852.15,0.13
16071.0,44,1,326.24,0.31
16072.0,287,1,584.32,0.84
16073.0,296,1,122.4,0.84
16076.0,2,10,2234.73,0.02
16078.0,283,1,79.2,0.94
16079.0,16,3,1352.0,0.4
16080.0,81,2,217.16,0.82
16081.0,55,5,2806.9,0.05
16083.0,100,2,1317.62,0.46
16084.0,298,1,436.18,0.52
16085.0,22,5,981.51,0.15
16086.0,58,5,1121.39,0.09
16091.0,154,2,315.06,0.26
16092.0,114,3,817.86,0.28
16093.0,106,1,17.0,0.19
16094.0,11,4,1078.23,0.24
16096.0,263,1,320.62,0.54
16097.0,239,1,185.05,0.72
16098.0,87,7,2005.63,0.03
16099.0,49,3,731.9,0.3
16101.0,70,1,1290.7,0.64
16102.0,41,3,1842.14,0.15
16103.0,6,6,1429.64,0.04
16104.0,61,1,302.36,0.52
16105.0,248,1,336.96,0.38
16106.0,65,1,108.38,0.42
16107.0,17,7,3204.16,0.01
16108.0,84,1,842.5,0.76
16109.0,218,2,611.88,0.94
16110.0,44,3,1337.48,0.78
16112.0,142,4,195.74,0.49
16113.0,182,1,161.38,0.46
16114.0,170,1,135.75,0.67
16115.0,9,8,1667.97,0.06
16116.0,211,1,612.78,0.8
16117.0,189,1,232.21,0.52
16119.0,7,2,423.36,0.5
16120.0,58,4,1309.14,0.02
16121.0,56,2,867.11,0.24
16122.0,72,4,684.42,0.23
16123.0,51,1,307.78,0.63
16124.0,316,1,249.0,0.94
16125.0,366,1,289.35,0.7
16126.0,28,4,6287.77,0.09
16127.0,38,1,656.25,0.52
16128.0,17,5,1880.22,0.03
16131.0,51,6,3506.54,0.16
16133.0,3,33,14589.04,0.0
16134.0,21,2,618.09,0.78
16135.0,262,1,517.55,0.47
16136.0,59,3,709.38,0.37
16139.0,18,3,635.41,0.45
16140.0,65,2,725.18,0.61
16141.0,87,1,620.4,0.58
16142.0,249,1,535.34,0.56
16143.0,2,6,2424.94,0.02
16144.0,246,1,175.2,0.78
16145.0,8,11,3799.49,0.0
16146.0,156,3,734.13,0.13
16147.0,133,1,375.0,0.95
16148.0,295,1,76.32,0.94
16149.0,4,2,280.52,0.58
16150.0,42,5,2053.02,0.04
16152.0,268,1,1829.04,0.51
16153.0,49,5,1824.23,0.03
16156.0,8,9,3122.04,0.04
16157.0,15,3,656.69,0.61
16159.0,281,1,348.2,0.88
16160.0,64,2,1025.44,0.69
16161.0,1,19,5575.56,0.0
16162.0,251,1,37.4,0.71
16163.0,231,2,856.6,0.54
16164.0,16,3,822.48,0.23
16168.0,10,27,3787.6,0.0
16169.0,7,4,1822.97,0.34
16170.0,50,6,1885.05,0.01
16171.0,58,1,73.2,0.67
16172.0,94,5,1140.21,0.27
16173.0,15,6,1418.32,0.27
16174.0,125,3,1009.55,0.41
16175.0,93,4,1037.59,0.33
16177.0,49,1,331.95,0.24
16178.0,137,1,197.9,0.87
16179.0,60,1,215.83,0.21
16180.0,99,8,10254.18,0.25
16181.0,72,1,305.54,0.91
16182.0,71,4,6617.65,0.5
16183.0,66,1,338.71,0.7
16184.0,63,6,1158.79,0.09
16185.0,16,2,529.41,0.57
16186.0,22,12,4006.94,0.0
16187.0,31,15,6911.44,0.03
16188.0,44,4,981.86,0.04
16189.0,15,2,215.48,0.27
16190.0,39,1,215.08,0.64
16191.0,2,13,5180.52,0.0
16193.0,236,1,314.45,0.88
16198.0,74,1,400.68,0.48
16200.0,3,2,1080.62,0.62
16201.0,2,4,1863.47,0.19
16202.0,360,1,365.27,0.61
16203.0,58,4,592.9,0.44
16204.0,22,1,405.71,0.63
16205.0,30,4,761.38,0.39
16206.0,54,4,537.06,0.67
16207.0,24,1,394.38,0.41
16208.0,44,2,664.26,0.57
16209.0,88,5,2262.62,0.14
16210.0,1,18,21086.3,0.0
16211.0,88,1,547.02,0.35
16212.0,18,2,690.34,0.41
16213.0,78,1,159.0,0.84
16214.0,170,3,1062.75,0.11
16215.0,80,1,242.35,0.78
16216.0,266,1,914.93,0.56
16217.0,234,2,304.25,0.82
16218.0,29,7,3084.68,0.02
16221.0,36,3,864.86,0.33
16222.0,317,1,846.72,0.59
16224.0,56,4,1295.3,0.28
16225.0,44,5,1096.32,0.02
16226.0,202,3,255.12,0.43
16227.0,224,1,314.22,0.78
16229.0,86,2,1010.6,0.53
16230.0,189,2,542.03,0.6
16232.0,43,4,990.88,0.04
16233.0,70,3,536.68,0.14
16235.0,40,5,867.31,0.04
16236.0,77,1,432.2,0.24
16239.0,56,2,414.2,0.37
16240.0,23,2,3718.8,0.15
16241.0,9,13,2607.87,0.02
16242.0,7,7,3603.21,0.08
16243.0,33,2,409.1,0.51
16244.0,211,2,1522.75,0.56
16245.0,23,3,1413.66,0.26
16247.0,169,1,114.56,0.64
16248.0,61,1,152.94,0.69
16249.0,52,5,1800.07,0.03
16250.0,260,2,389.44,0.54
16253.0,66,2,3683.86,0.24
16255.0,16,8,2619.91,0.01
16256.0,266,1,752.43,0.31
16257.0,176,1,46.95,0.68
16258.0,44,5,5203.51,0.0
16260.0,50,1,1035.45,0.63
16261.0,16,4,746.83,0.67
16265.0,8,9,5447.0,0.0
16266.0,73,7,861.89,0.19
16268.0,70,2,667.65,0.63
16270.0,352,1,1141.24,0.52
16271.0,2,5,1429.24,0.2
16272.0,116,1,411.7,0.56
16274.0,372,1,357.95,0.63
16275.0,196,1,559.87,0.53
16276.0,176,1,810.6,0.68
16278.0,99,1,566.38,0.56
16279.0,20,3,1509.58,0.67
16281.0,71,1,2062.06,0.55
16282.0,339,1,168.3,0.31
16283.0,5,5,1570.81,0.19
16284.0,30,2,823.97,0.52
16287.0,169,1,142.5,0.78
16292.0,121,1,302.25,0.31
16293.0,21,10,2248.99,0.02
16295.0,9,4,1328.55,0.15
16297.0,268,1,301.9,0.44
16298.0,22,3,598.2,0.18
16302.0,126,1,233.22,0.44
16303.0,25,3,5360.63,0.13
16305.0,138,1,361.22,0.98
16306.0,213,6,632.27,0.65
16308.0,37,4,2560.0,0.07
16309.0,105,2,706.57,0.52
16311.0,17,2,616.26,0.9
16313.0,2,2,274.15,0.29
16315.0,330,1,226.37,0.32
16316.0,63,8,2938.91,0.04
16317.0,119,3,1341.65,0.38
16318.0,34,1,328.15,0.14
16319.0,217,1,404.4,0.88
16320.0,171,2,1038.46,0.69
16321.0,71,5,373.65,0.43
16322.0,0,2,326.75,0.52
16323.0,195,1,207.5,0.7
16324.0,127,3,428.68,0.76
16325.0,46,3,594.24,0.25
16326.0,5,14,3110.96,0.02
16327.0,13,6,3844.22,0.17
16330.0,17,3,251.91,0.68
16332.0,27,7,1593.2,0.01
16333.0,7,22,26626.8,0.02
16337.0,36,1,151.05,0.37
16338.0,156,1,214.8,0.84
16339.0,283,1,109.95,0.81
16340.0,106,1,549.07,0.79
16341.0,24,4,1971.87,0.08
16342.0,74,4,322.41,0.44
16343.0,15,2,370.48,0.59
16344.0,157,1,101.1,0.65
16345.0,43,1,575.41,0.8
16347.0,10,2,887.65,0.32
16348.0,31,7,1469.45,0.05
16349.0,290,1,53.5,0.92
16350.0,20,4,1116.47,0.05
16351.0,332,1,153.9,0.83
16352.0,17,2,494.44,0.42
16353.0,3,23,6675.71,0.0
16354.0,62,2,395.8,0.76
16356.0,197,3,211.77,0.26
16357.0,32,3,658.88,0.2
16358.0,0,4,2027.5,0.08
16359.0,6,9,1750.92,0.02
16360.0,4,6,3512.53,0.33
16361.0,9,4,896.66,0.04
16362.0,31,5,734.77,0.31
16363.0,52,1,109.36,0.21
16364.0,11,2,707.04,0.75
16365.0,17,9,1540.42,0.02
16366.0,18,1,327.3,0.22
16367.0,36,2,804.49,0.51
16368.0,1,2,497.43,0.78
16369.0,17,3,1553.66,0.27
16370.0,81,4,1320.56,0.04
16372.0,32,2,367.93,0.35
16374.0,65,2,473.03,0.28
16376.0,8,2,987.01,0.58
16377.0,266,1,676.2,0.31
16378.0,246,3,362.95,0.46
16379.0,3,4,2157.4,0.16
16380.0,60,1,1780.59,0.64
16383.0,74,2,668.36,0.83
16384.0,89,2,584.5,0.15
16385.0,59,3,555.89,0.05
16386.0,28,2,317.2,0.6
16387.0,322,1,94.36,0.77
16389.0,52,4,1382.07,0.07
16392.0,269,1,221.19,0.54
16393.0,1,13,3046.21,0.0
16394.0,56,5,1555.34,0.07
16395.0,60,5,1486.9,0.13
16398.0,153,2,1705.8,0.25
16399.0,18,2,408.57,0.24
16400.0,94,1,303.93,0.67
16401.0,0,12,4098.32,0.0
16402.0,264,2,299.6,0.88
16403.0,311,1,177.5,0.31
16404.0,69,1,443.05,0.31
16405.0,301,2,167.25,0.37
16406.0,18,1,163.07,0.65
16407.0,12,10,2126.93,0.0
16409.0,35,5,2028.88,0.31
16411.0,18,2,214.65,0.24
16412.0,53,1,151.83,0.68
16413.0,56,1,262.2,0.5
16414.0,21,2,126.25,0.59
16415.0,43,1,210.35,0.46
16416.0,26,3,1051.4,0.33
16418.0,44,3,675.27,0.26
16419.0,112,6,972.23,0.42
16422.0,16,51,34684.4,0.0
16423.0,24,1,346.12,0.23
16424.0,190,1,133.56,0.77
16425.0,301,1,302.7,0.82
16426.0,1,10,1908.25,0.06
16427.0,262,2,241.06,0.69
16429.0,105,1,284.55,0.73
16430.0,56,1,300.85,0.42
16431.0,212,3,642.81,0.27
16432.0,63,1,287.4,0.74
16433.0,27,1,184.26,0.88
16434.0,28,7,1522.25,0.04
16438.0,5,5,798.35,0.41
16440.0,7,5,3640.67,0.24
16441.0,66,2,381.2,0.63
16442.0,1,3,616.79,0.5
16444.0,45,4,654.67,0.75
16445.0,33,1,230.51,0.46
16446.0,0,2,168472.5,0.46
16447.0,135,1,259.01,0.81
16448.0,197,1,188.89,0.38
16449.0,197,2,707.69,0.43
16450.0,149,1,311.92,0.96
16451.0,87,1,266.97,0.33
16454.0,44,2,6.9,0.33
16455.0,63,7,1841.18,0.04
16456.0,98,5,2158.37,0.43
16457.0,217,1,208.36,0.63
16458.0,2,18,3482.74,0.0
16460.0,27,3,814.72,0.55
16461.0,177,1,151.42,0.54
16462.0,73,3,136.0,0.88
16463.0,20,4,1422.4,0.02
16464.0,19,3,1314.68,0.2
16466.0,33,7,1603.46,0.04
16468.0,73,1,74.9,0.69
16469.0,23,4,650.43,0.36
16470.0,51,4,762.39,0.15
16471.0,274,1,223.95,0.78
16473.0,164,3,316.11,0.86
16474.0,6,7,1871.5,0.12
16475.0,87,4,544.3,0.78
16477.0,63,7,2494.46,0.06
16478.0,24,3,331.0,0.47
16479.0,9,2,300.83,0.47
16480.0,75,1,769.29,0.49
16482.0,15,1,220.62,0.58
16483.0,191,1,139.35,0.72
16484.0,173,2,404.3,0.92
16485.0,76,1,363.65,0.65
16488.0,32,3,498.8,0.24
16491.0,46,1,731.5,0.54
16493.0,79,4,1351.63,0.08
16494.0,296,1,826.53,0.62
16495.0,2,3,684.41,0.51
16496.0,8,3,1599.52,0.28
16497.0,49,6,2965.69,0.03
16498.0,160,2,100.97,0.8
16499.0,359,2,365.45,0.61
16500.0,4,6,400.86,0.67
16503.0,106,4,1431.93,0.47
16504.0,24,1,484.38,0.51
16505.0,31,1,777.6,0.35
16506.0,19,2,90.3,0.34
16509.0,296,1,363.7,0.66
16510.0,371,1,248.1,0.94
16511.0,21,3,950.26,0.1
16513.0,4,4,874.59,0.7
16515.0,51,5,1627.13,0.07
16516.0,29,1,101.7,0.26
16517.0,276,1,162.7,0.33
16518.0,60,2,484.32,0.68
16519.0,24,2,215.08,0.17
16520.0,185,3,1046.57,0.4
16523.0,1,21,9418.47,0.0
16525.0,1,26,13027.45,0.0
16526.0,171,1,290.36,0.93
16527.0,80,1,228.06,0.54
16528.0,3,1,244.41,0.17
16529.0,189,1,455.25,0.56
16531.0,21,7,1244.59,0.04
16532.0,17,3,6748.8,0.21
16533.0,18,3,1095.56,0.03
16535.0,4,1,593.75,0.23
16536.0,109,1,548.97,0.81
16539.0,2,4,1388.81,0.2
16542.0,53,1,119.62,0.3
16545.0,164,1,339.3,0.54
16546.0,290,2,787.15,0.56
16549.0,9,10,4154.64,0.02
16550.0,108,5,2298.97,0.17
16551.0,95,3,922.12,0.74
16552.0,242,2,379.73,0.78
16553.0,162,12,5719.82,0.54
16554.0,41,3,837.1,0.29
16555.0,34,2,285.89,0.49
16556.0,66,7,3313.79,0.07
16557.0,23,2,281.85,0.32
16558.0,0,20,8338.49,0.0
16560.0,26,2,841.41,0.45
16561.0,5,2,511.12,0.6
16563.0,53,1,1077.74,0.58
16565.0,363,1,173.7,0.35
16566.0,14,5,614.66,0.41
16567.0,193,2,865.6,0.54
16569.0,2,1,124.2,0.57
16570.0,14,10,3738.4,0.09
16571.0,26,3,1421.69,0.31
16572.0,126,3,1009.6,0.46
16573.0,84,2,663.61,0.69
16574.0,70,1,451.44,0.47
16581.0,182,1,105.84,0.66
16582.0,112,1,313.62,0.18
16583.0,373,1,233.45,0.81
16584.0,79,2,936.08,0.28
16586.0,248,1,463.95,0.5
16587.0,231,1,225.15,0.98
16589.0,70,3,459.24,0.18
16591.0,68,1,213.5,0.83
16592.0,3,16,4113.68,0.0
16593.0,50,3,330.03,0.31
16594.0,74,1,181.09,0.65
16595.0,60,1,360.16,0.34
16596.0,15,2,250.15,0.46
16597.0,3,1,90.04,0.53
16598.0,285,1,145.05,0.82
16600.0,3,6,813.52,0.29
16601.0,40,1,244.8,0.93
16602.0,35,1,528.08,0.16
16603.0,74,2,482.47,0.73
16607.0,17,14,3347.71,0.0
16609.0,14,7,5493.46,0.03
16610.0,218,1,75.66,0.9
16611.0,185,1,129.49,0.71
16612.0,32,4,1187.66,0.13
16613.0,69,1,618.59,0.4
16614.0,182,1,506.19,0.51
16616.0,14,2,500.42,0.34
16617.0,235,1,151.85,0.9
16618.0,30,5,2647.59,0.01
16619.0,263,1,226.21,0.74
16620.0,3,2,178.96,0.87
16621.0,51,4,813.48,0.13
16623.0,245,1,129.45,0.7
16624.0,80,2,810.57,0.35
16625.0,274,1,333.08,0.68
16626.0,0,17,4413.1,0.0
16627.0,78,1,322.8,0.79
16628.0,29,5,2188.05,0.04
16629.0,73,2,417.73,0.45
16633.0,16,6,2883.1,0.08
16634.0,222,2,217.9,0.88
16637.0,31,4,1154.47,0.14
16638.0,22,10,1680.72,0.01
16639.0,30,3,1257.51,0.6
16641.0,105,1,231.1,0.84
16642.0,4,2,688.33,0.75
16643.0,245,1,487.51,0.76
16644.0,177,2,833.78,0.8
16647.0,169,2,214.06,0.71
16648.0,42,1,290.66,0.82
16650.0,71,1,518.42,0.35
16652.0,58,7,6773.97,0.01
16653.0,15,2,1212.66,0.14
16654.0,140,4,601.27,0.2
16655.0,17,6,3794.52,0.09
16656.0,21,15,8625.8,0.0
16657.0,9,4,933.62,0.05
16658.0,367,1,123.24,0.84
16659.0,188,1,39.12,0.42
16660.0,15,4,1267.65,0.04
16665.0,361,1,135.4,0.82
16666.0,18,1,118.98,0.22
16667.0,67,2,570.13,0.51
16668.0,14,6,306.72,0.6
16669.0,23,3,1374.87,0.26
16670.0,16,11,4095.9,0.0
16671.0,27,3,1692.27,0.61
16672.0,1,20,8134.94,0.0
16674.0,54,2,319.61,0.65
16676.0,33,4,1592.12,0.55
16678.0,2,12,3109.99,0.01
16679.0,365,1,129.75,0.8
16680.0,42,1,183.7,0.34
16681.0,72,6,1770.34,0.02
16682.0,4,5,1028.0,0.24
16684.0,3,28,66653.56,0.0
16685.0,60,2,324.24,0.76
16686.0,46,7,3062.83,0.01
16688.0,0,4,1260.86,0.25
16689.0,75,2,422.6,0.53
16690.0,71,2,225.58,0.47
16692.0,255,2,1276.0,0.2
16693.0,68,2,482.01,0.54
16696.0,134,4,657.9,0.16
16697.0,240,1,112.75,0.83
16698.0,226,2,1998.0,0.22
16700.0,8,13,5076.55,0.0
16701.0,8,13,5398.3,0.0
16705.0,0,20,14034.99,0.0
16706.0,36,3,531.35,0.35
16708.0,45,1,656.63,0.49
16709.0,84,5,3029.87,0.13
16710.0,18,10,2483.04,0.02
16711.0,2,5,1651.03,0.1
16712.0,8,11,3645.43,0.01
16713.0,18,15,6923.13,0.02
16714.0,218,3,1161.53,0.24
16715.0,77,1,301.72,0.61
16716.0,266,2,901.2,0.5
16717.0,23,6,3858.38,0.24
16718.0,368,1,623.75,0.8
16719.0,14,7,1790.42,0.17
16720.0,25,1,155.24,0.47
16721.0,261,1,292.47,0.71
16722.0,16,13,4730.81,0.0
16723.0,90,2,589.15,0.14
16725.0,301,7,781.02,0.85
16726.0,25,5,1382.02,0.02
16727.0,363,1,272.82,0.77
16728.0,45,4,1054.67,0.17
16729.0,37,21,7239.92,0.02
16730.0,51,3,743.11,0.26
16732.0,31,1,603.75,0.74
16734.0,51,3,650.51,0.36
16735.0,78,5,2300.56,0.11
16737.0,52,1,417.6,0.63
16738.0,297,1,3.75,0.8
16739.0,176,1,323.0,0.97
16742.0,46,1,464.9,0.38
16743.0,28,7,2238.09,0.01
16744.0,10,7,1304.76,0.12
16745.0,86,17,7194.3,0.22
16746.0,4,18,6697.66,0.0
16747.0,37,2,836.06,0.65
16748.0,17,5,1515.9,0.06
16750.0,44,5,623.93,0.33
16751.0,30,1,1764.72,0.59
16752.0,372,1,207.5,0.7
16753.0,57,1,223.92,0.18
16754.0,371,1,2002.4,0.64
16755.0,113,3,1496.83,0.27
16756.0,214,1,239.4,0.66
16757.0,318,1,106.83,0.83
16758.0,64,1,369.34,0.46
16759.0,7,3,789.79,0.12
16761.0,96,1,316.62,0.46
16762.0,19,3,1501.38,0.36
16763.0,198,1,611.85,0.78
16764.0,3,13,2799.25,0.0
16765.0,293,1,34.0,0.81
16766.0,272,2,1145.6,0.41
16767.0,30,11,5580.6,0.0
16768.0,47,3,478.09,0.27
16769.0,259,1,380.39,0.54
16770.0,57,5,770.1,0.06
16771.0,32,5,2246.81,0.27
16773.0,56,1,171.59,0.54
16774.0,67,4,661.52,0.35
16775.0,9,11,1695.66,0.01
16776.0,59,1,388.28,0.1
16777.0,79,2,226.35,0.66
16778.0,73,2,245.94,0.22
16779.0,1,22,10629.72,0.0
16780.0,99,2,425.19,0.38
16781.0,371,1,311.25,0.91
16782.0,9,13,2279.9,0.01
16784.0,19,1,107.6,0.26
16788.0,122,2,597.48,0.39
16789.0,7,1,80.8,0.38
16790.0,3,6,1545.62,0.01
16791.0,28,7,1721.78,0.0
16792.0,281,2,110.38,0.56
16793.0,56,1,243.84,0.57
16794.0,0,10,1222.71,0.13
16795.0,364,1,414.88,0.6
16796.0,88,1,305.62,0.53
16800.0,10,1,1201.49,0.23
16801.0,162,4,1619.73,0.25
16803.0,64,1,332.3,0.73
16804.0,22,3,536.99,0.18
16805.0,173,2,460.59,0.91
16806.0,102,4,801.49,0.26
16807.0,142,3,1121.59,0.07
16808.0,98,2,288.42,0.84
16809.0,22,5,914.69,0.0
16810.0,191,1,309.54,0.49
16811.0,4,2,547.07,0.73
16812.0,360,1,479.35,0.63
16813.0,7,10,1692.98,0.0
16814.0,13,21,6509.1,0.0
16816.0,102,4,417.06,0.53
16817.0,2,9,1604.75,0.05
16818.0,10,11,3349.57,0.0
16820.0,95,1,497.61,0.34
16823.0,226,1,358.38,0.78
16824.0,15,2,460.64,0.49
16825.0,38,2,775.18,0.18
16826.0,50,1,341.7,0.39
16828.0,92,2,128.5,0.92
16829.0,156,1,197.22,0.6
16830.0,38,1,325.91,0.3
16832.0,183,3,199.15,0.23
16833.0,0,4,1106.53,0.44
16834.0,227,1,413.46,0.85
16835.0,127,2,180.85,0.93
16836.0,39,2,251.87,0.36
16837.0,30,11,3170.98,0.01
16838.0,196,2,588.85,0.57
16839.0,8,34,16594.35,0.0
16841.0,36,6,1869.82,0.13
16842.0,100,3,1264.19,0.43
16843.0,42,16,10196.57,0.03
16846.0,49,1,214.32,0.25
16847.0,42,1,193.44,0.46
16848.0,52,1,281.42,0.72
16849.0,186,1,124.57,0.87
16850.0,333,1,332.41,0.57
16851.0,3,3,342.45,0.57
16852.0,9,2,144.91,0.74
16855.0,23,2,328.4,0.5
16856.0,14,1,35.4,0.73
16858.0,368,1,375.69,0.53
16859.0,144,2,747.81,0.46
16861.0,59,2,173.76,0.96
16863.0,30,2,502.8,0.25
16866.0,140,3,207.74,0.4
16869.0,22,4,825.42,0.04
16871.0,21,6,2812.34,0.04
16872.0,76,3,680.02,0.33
16873.0,4,6,7123.62,0.38
16875.0,66,5,2095.53,0.1
16877.0,11,6,853.72,0.22
16878.0,83,1,13.3,0.3
16880.0,30,7,1519.08,0.04
16881.0,66,1,432.0,0.43
16882.0,66,3,705.12,0.63
16883.0,186,2,276.73,0.22
16884.0,37,2,429.84,0.2
16885.0,14,3,471.51,0.44
16887.0,34,1,194.88,0.71
16889.0,194,3,1578.67,0.41
16891.0,1,5,809.7,0.48
16892.0,0,5,525.54,0.5
16893.0,366,1,145.93,0.81
16895.0,64,1,219.14,0.29
16897.0,298,2,289.78,0.57
16898.0,25,3,508.81,0.14
16899.0,7,6,1281.56,0.02
16900.0,16,3,887.11,0.1
16902.0,115,1,1706.88,0.36
16903.0,28,1,373.24,0.45
16904.0,3,16,3754.27,0.04
16905.0,4,7,3102.43,0.08
16906.0,81,4,579.77,0.76
16907.0,28,5,981.65,0.11
16909.0,71,1,379.14,0.82
16910.0,3,8,1510.06,0.05
16912.0,28,11,2575.38,0.11
16913.0,289,1,113.44,0.84
16914.0,35,1,208.46,0.64
16915.0,8,6,621.68,0.48
16916.0,23,2,576.26,0.71
16917.0,276,1,391.52,0.63
16918.0,49,6,1068.82,0.1
16919.0,155,11,2596.45,0.54
16921.0,60,1,169.79,0.45
16923.0,11,19,7247.61,0.0
16924.0,20,3,846.75,0.13
16926.0,370,1,230.25,0.81
16927.0,115,3,543.05,0.11
16928.0,79,17,2847.6,0.27
16929.0,3,7,1295.39,0.02
16930.0,25,3,380.55,0.48
16931.0,4,21,4604.22,0.0
16932.0,52,1,161.94,0.44
16933.0,0,2,563.23,0.93
16934.0,54,2,950.93,0.18
16936.0,25,1,262.68,0.25
16938.0,8,4,2736.38,0.15
16940.0,51,3,3049.88,0.5
16942.0,12,9,1920.59,0.12
16943.0,211,3,816.73,0.54
16945.0,21,19,4345.5,0.01
16947.0,235,1,406.48,0.96
16948.0,138,3,435.02,0.68
16949.0,3,6,1286.27,0.0
16950.0,56,3,1178.56,0.09
16951.0,134,3,1277.75,0.46
16952.0,108,2,167.61,0.94
16953.0,29,1,20.8,0.64
16954.0,0,9,2085.08,0.01
16955.0,184,4,518.67,0.8
16956.0,17,1,308.74,0.3
16957.0,238,2,416.64,0.54
16959.0,86,1,117.35,0.21
16960.0,38,3,507.05,0.21
16961.0,115,1,234.17,0.29
16963.0,186,1,110.55,0.8
16965.0,226,1,201.19,0.67
16966.0,7,7,2154.97,0.0
16967.0,188,1,319.02,0.99
16968.0,3,2,439.43,0.53
16969.0,38,3,650.41,0.35
16971.0,37,1,357.21,0.4
16976.0,266,1,251.52,0.65
16978.0,77,1,344.33,0.78
16979.0,3,6,1852.0,0.01
16980.0,254,2,1078.96,0.34
16982.0,60,1,384.06,0.09
16983.0,12,7,1931.25,0.21
16984.0,87,2,4481.35,0.29
16985.0,16,10,5464.12,0.0
16986.0,29,2,1873.2,0.16
16987.0,2,7,1625.05,0.04
16988.0,4,1,126.12,0.23
16989.0,6,6,1133.25,0.04
16990.0,218,1,179.0,0.55
16992.0,10,5,1614.31,0.35
16996.0,29,6,1456.96,0.04
16997.0,287,3,702.0,0.43
16998.0,149,4,295.0,0.55
16999.0,22,2,484.82,0.24
17001.0,0,11,3989.57,0.0
17002.0,85,3,1493.73,0.42
17004.0,45,2,1412.94,0.16
17006.0,4,4,781.78,0.49
17007.0,50,6,889.93,0.11
17010.0,17,1,195.36,0.65
17011.0,29,1,270.9,0.31
17014.0,7,3,586.33,0.06
17015.0,28,3,1842.56,0.15
17017.0,2,20,8694.26,0.0
17018.0,40,2,920.1,0.54
17019.0,10,4,1272.61,0.2
17022.0,30,1,71.0,0.42
17024.0,44,3,95.85,0.59
17025.0,60,3,357.77,0.26
17026.0,184,2,154.83,0.96
17027.0,78,6,890.29,0.23
17029.0,110,2,716.0,0.42
17030.0,63,1,146.87,0.26
17031.0,11,2,380.35,0.6
17033.0,85,3,1030.14,0.14
17034.0,15,3,745.52,0.71
17035.0,245,2,433.53,0.7
17037.0,87,1,1267.32,0.72
17038.0,29,1,112.4,0.39
17040.0,137,1,449.73,0.85
17041.0,26,3,1081.57,0.24
17042.0,2,5,1044.38,0.17
17043.0,31,4,1735.18,0.41
17044.0,24,1,948.48,0.61
17045.0,112,3,339.44,0.4
17046.0,156,1,642.02,0.56
17047.0,84,3,1100.9,0.19
17048.0,117,3,925.35,0.23
17049.0,2,9,5659.98,0.0
17050.0,95,6,3228.84,0.26
17051.0,193,1,247.14,0.12
17052.0,27,1,413.75,0.46
17053.0,130,1,498.48,0.66
17054.0,27,5,1356.33,0.02
17058.0,81,3,1179.89,0.28
17059.0,29,5,3095.04,0.06
17060.0,265,1,234.24,0.54
17061.0,73,11,5232.23,0.24
17062.0,313,4,538.37,0.79
17063.0,20,7,1461.14,0.07
17064.0,58,3,859.35,0.05
17068.0,11,21,4552.14,0.0
17069.0,27,9,2709.7,0.0
17070.0,113,1,312.14,0.16
17071.0,27,9,2429.03,0.0
17073.0,17,4,1446.09,0.47
17075.0,17,4,834.12,0.22
17076.0,35,3,841.08,0.36
17078.0,35,2,378.2,0.28
17079.0,77,1,118.8,0.19
17080.0,21,2,287.62,0.27
17081.0,24,2,290.16,0.39
17082.0,32,2,2003.85,0.09
17083.0,108,3,1405.78,0.53
17084.0,34,2,2949.75,0.11
17085.0,122,5,1566.65,0.4
17086.0,6,6,2050.08,0.02
17088.0,27,4,1991.01,0.05
17090.0,3,7,2043.95,0.0
17091.0,2,9,3827.76,0.01
17092.0,49,4,1777.78,0.1
17094.0,321,1,302.0,0.78
17095.0,22,3,1324.16,0.3
17096.0,14,4,1022.13,0.1
17097.0,1,8,954.42,0.37
17100.0,17,2,971.74,0.36
17101.0,9,4,1621.73,0.41
17102.0,261,1,25.5,0.82
17105.0,158,2,665.78,0.11
17107.0,32,6,10815.43,0.39
17109.0,28,6,885.04,0.13
17110.0,164,1,163.3,0.57
17111.0,46,1,248.61,0.6
17114.0,5,8,808.62,0.15
17115.0,7,3,837.5,0.16
17117.0,287,1,116.2,0.85
17118.0,317,1,157.02,0.8
17119.0,2,2,606.91,0.47
17120.0,232,1,307.46,0.86
17122.0,118,1,138.32,0.34
17123.0,161,1,345.3,0.85
17124.0,184,1,298.89,0.24
17125.0,49,1,259.35,0.57
17126.0,151,5,1004.75,0.29
17128.0,334,1,157.09,0.8
17131.0,4,5,2463.17,0.1
17133.0,15,7,4892.24,0.05
17134.0,106,2,425.0,0.14
17135.0,15,7,1139.73,0.02
17138.0,275,1,380.5,0.31
17139.0,15,12,10668.47,0.0
17140.0,246,1,465.32,0.69
17142.0,238,1,579.0,0.87
17144.0,0,2,984.57,0.72
17146.0,105,3,749.78,0.33
17147.0,22,4,1714.59,0.4
17148.0,51,1,124.88,0.51
17152.0,194,3,1689.5,0.31
17153.0,23,1,213.78,0.74
17154.0,74,1,329.34,0.82
17155.0,17,2,251.7,0.51
17157.0,7,2,319.0,0.61
17158.0,31,3,1266.97,0.56
17159.0,21,3,1538.88,0.63
17160.0,30,6,3518.03,0.24
17162.0,28,10,1715.46,0.0
17163.0,21,2,293.1,0.26
17164.0,32,7,2467.35,0.02
17165.0,283,1,158.68,0.74
17166.0,38,2,206.34,0.49
17169.0,57,2,835.78,0.38
17171.0,288,1,224.91,0.27
17172.0,78,1,317.76,0.77
17173.0,4,8,3766.6,0.13
17174.0,217,1,59.9,0.9
17175.0,43,4,1443.69,0.12
17176.0,201,1,306.13,0.42
17179.0,177,3,711.79,0.52
17180.0,55,4,796.03,0.23
17181.0,56,2,239.92,0.27
17183.0,7,6,3347.31,0.28
17186.0,46,2,144.0,0.75
17187.0,226,1,203.95,0.71
17188.0,10,7,2474.23,0.0
17189.0,105,2,384.4,0.15
17190.0,58,2,444.74,0.22
17191.0,27,7,2095.13,0.0
17193.0,35,7,1699.3,0.12
17194.0,273,2,262.62,0.36
17197.0,29,1,1013.01,0.35
17198.0,23,3,692.22,0.3
17201.0,53,1,342.63,0.19
17203.0,35,6,3563.85,0.63
17204.0,174,4,1564.56,0.27
17205.0,53,1,384.08,0.29
17206.0,52,1,204.24,0.36
17211.0,26,8,2317.22,0.0
17212.0,252,1,226.85,0.73
17213.0,39,7,2781.23,0.01
17214.0,59,6,1069.12,0.1
17217.0,233,1,113.5,0.93
17218.0,3,10,1960.72,0.03
17219.0,31,1,114.23,0.39
17220.0,23,14,3198.25,0.0
17221.0,6,2,335.13,0.46
17222.0,64,1,354.15,0.71
17223.0,309,2,426.79,0.46
17226.0,308,1,393.49,0.39
17227.0,18,6,939.32,0.21
17228.0,15,8,1906.09,0.17
17229.0,95,2,318.76,0.38
17230.0,263,8,3638.41,0.8
17231.0,11,10,3174.32,0.0
17232.0,2,2,421.52,0.33
17233.0,34,1,190.88,0.77
17234.0,182,1,149.89,0.51
17235.0,24,2,550.06,0.55
17236.0,12,6,916.13,0.23
17237.0,10,2,314.69,0.62
17238.0,2,17,3744.65,0.04
17239.0,312,1,382.5,0.49
17242.0,107,2,1135.04,0.72
17243.0,0,26,8676.85,0.0
17244.0,52,1,954.9,0.66
17245.0,204,1,171.45,0.62
17247.0,14,1,282.19,0.28
17248.0,119,1,318.65,0.16
17250.0,3,2,384.52,0.34
17251.0,362,1,283.28,0.71
17252.0,116,2,353.86,0.47
17253.0,17,1,178.26,0.71
17254.0,4,2,272.44,0.39
17255.0,40,2,298.41,0.25
17256.0,106,2,240.0,0.53
17259.0,147,2,603.37,0.68
17262.0,51,5,1253.36,0.02
17263.0,207,1,63.44,0.83
17265.0,138,2,562.9,0.33
17266.0,1,3,310.64,0.23
17267.0,126,2,317.62,0.66
17268.0,107,4,763.64,0.17
17272.0,41,4,2148.63,0.15
17274.0,34,1,111.98,0.43
17277.0,227,2,1065.35,0.35
17278.0,240,1,246.04,0.92
17279.0,57,1,187.83,0.19
17282.0,129,3,1703.41,0.29
17284.0,59,6,1652.58,0.03
17286.0,21,1,153.92,0.7
17287.0,25,7,1064.11,0.05
17288.0,8,7,1419.73,0.12
17289.0,31,3,944.41,0.34
17290.0,3,2,525.24,0.43
17291.0,307,1,550.8,0.74
17293.0,7,9,1875.11,0.04
17295.0,28,3,556.95,0.29
17297.0,16,1,131.78,0.25
17298.0,100,2,498.42,0.48
17299.0,11,4,669.11,0.62
17301.0,20,1,197.63,0.54
17302.0,14,5,1135.63,0.1
17303.0,360,1,250.04,0.87
17306.0,10,19,8631.31,0.0
17309.0,94,1,82.75,0.7
17311.0,77,2,1384.85,0.33
17312.0,138,3,644.3,0.22
17313.0,30,1,2328.84,0.55
17314.0,24,8,2527.92,0.0
17315.0,1,38,6292.26,0.01
17317.0,45,3,2600.34,0.66
17320.0,99,3,1200.62,0.25
17321.0,7,2,700.86,0.43
17323.0,14,7,921.07,0.06
17324.0,17,4,990.23,0.17
17325.0,279,1,96.8,0.51
17329.0,13,2,523.11,0.5
17330.0,22,2,363.9,0.23
17331.0,123,1,175.2,0.64
17333.0,85,1,494.25,0.85
17334.0,301,2,307.02,0.56
17337.0,150,4,2027.87,0.18
17338.0,16,8,6643.93,0.15
17339.0,93,2,243.36,0.5
17340.0,29,11,12353.29,0.0
17341.0,156,3,781.36,0.19
17343.0,354,1,193.64,0.64
17344.0,45,1,160.57,0.52
17345.0,14,4,537.74,0.87
17346.0,3,15,2676.56,0.01
17347.0,85,1,228.96,0.48
17348.0,14,5,1159.52,0.1
17349.0,178,1,110.75,0.39
17350.0,7,4,1286.07,0.12
17351.0,35,3,587.15,0.3
17353.0,128,2,1740.0,0.63
17354.0,50,1,1393.06,0.85
17356.0,311,1,178.22,0.3
17357.0,23,2,388.14,0.22
17358.0,302,2,365.85,0.57
17359.0,10,1,127.86,0.07
17360.0,16,3,585.79,0.22
17361.0,48,3,488.2,0.34
17362.0,238,2,312.23,0.55
17364.0,0,11,4481.18,0.0
17365.0,12,8,4801.56,0.11
17367.0,237,1,168.4,0.38
17368.0,22,8,1912.67,0.02
17370.0,72,4,446.18,0.34
17371.0,16,3,423.89,0.71
17372.0,40,8,1342.68,0.0
17373.0,39,4,646.92,0.31
17374.0,218,2,495.77,0.86
17375.0,198,3,400.1,0.75
17376.0,70,2,203.2,0.92
17377.0,23,20,4100.92,0.02
17379.0,10,1,404.66,0.57
17381.0,8,29,20275.61,0.0
17382.0,64,1,65.4,0.78
17383.0,3,1,199.29,0.18
17384.0,18,2,336.4,0.22
17385.0,14,1,261.11,0.22
17386.0,7,6,2686.42,0.02
17387.0,19,2,784.11,0.09
17388.0,77,4,1259.56,0.04
17389.0,0,34,31833.68,0.0
17391.0,163,2,508.8,0.89
17392.0,306,2,457.91,0.47
17394.0,218,1,203.87,0.62
17396.0,38,8,7330.8,0.01
17397.0,21,2,696.41,0.46
17398.0,114,3,653.38,0.14
17400.0,125,5,2129.96,0.38
17402.0,4,13,2633.85,0.0
17403.0,35,1,281.62,0.54
17404.0,3,15,31906.82,0.0
17405.0,0,3,1031.41,0.69
17406.0,332,3,2200.42,0.33
17408.0,162,1,32.65,0.31
17409.0,184,2,771.85,0.65
17410.0,15,5,1214.72,0.07
17411.0,11,3,778.94,0.13
17412.0,2,7,1258.06,0.05
17414.0,43,2,778.0,0.12
17415.0,79,1,507.84,0.43
17416.0,29,7,6893.42,0.07
17418.0,41,2,463.46,0.46
17419.0,10,12,4226.57,0.0
17420.0,49,3,598.83,0.3
17422.0,15,6,1979.37,0.17
17423.0,45,2,698.41,0.37
17425.0,18,2,759.17,0.13
17426.0,7,6,5037.26,0.13
17427.0,71,1,100.8,0.96
17428.0,0,28,17256.85,0.0
17429.0,127,3,524.92,0.3
17430.0,32,2,265.76,0.35
17431.0,312,1,403.3,0.55
17432.0,17,2,365.76,0.32
17433.0,87,1,303.16,0.35
17434.0,1,7,2373.82,0.05
17436.0,1,2,216.3,0.49
17438.0,253,1,388.45,0.48
17440.0,156,3,186.42,0.5
17442.0,36,6,2248.56,0.07
17443.0,219,1,534.24,0.97
17444.0,147,3,2940.04,0.53
17446.0,176,2,120.9,0.9
17447.0,39,2,541.53,0.46
17449.0,1,7,2520.86,0.04
17450.0,7,46,194550.79,0.02
17451.0,0,7,1721.4,0.24
17453.0,17,2,486.72,0.37
17454.0,191,4,517.53,0.88
17455.0,203,1,131.7,0.66
17456.0,364,1,249.86,0.87
17457.0,126,5,1737.7,0.34
17458.0,14,1,316.5,0.23
17459.0,42,2,657.3,0.72
17460.0,93,6,622.43,0.57
17461.0,22,3,757.46,0.25
17462.0,59,2,675.69,0.95
17463.0,15,5,1896.41,0.15
17464.0,157,1,289.96,0.53
17466.0,9,2,763.28,0.13
17468.0,9,2,137.0,0.77
17469.0,15,5,1870.97,0.1
17470.0,44,5,1125.07,0.06
17472.0,190,3,710.29,0.75
17475.0,78,1,194.37,0.62
17480.0,77,1,511.82,0.25
17481.0,3,4,1255.59,0.45
17483.0,64,3,414.04,0.39
17486.0,260,1,396.87,0.47
17489.0,58,2,376.64,0.66
17490.0,0,7,2092.32,0.02
17491.0,0,10,3558.87,0.0
17492.0,247,1,374.57,0.41
17495.0,7,2,497.56,0.38
17496.0,358,1,271.05,0.74
17498.0,75,1,272.22,0.49
17499.0,289,1,622.88,0.8
17500.0,16,3,1138.0,0.18
17501.0,220,2,288.6,0.92
17502.0,8,4,689.1,0.22
17503.0,2,2,558.96,0.57
17504.0,205,9,2997.03,0.67
17505.0,161,2,1145.84,0.44
17506.0,75,1,302.2,0.57
17507.0,261,2,605.58,0.53
17508.0,280,1,387.31,0.73
17509.0,57,8,6115.14,0.03
17510.0,24,1,308.48,0.29
17511.0,2,31,91062.38,0.0
17512.0,28,10,2924.99,0.0
17513.0,71,1,513.2,0.47
17514.0,127,1,208.65,0.68
17515.0,30,4,639.02,0.24
17516.0,14,5,768.08,0.09
17517.0,308,1,153.94,0.83
17519.0,16,6,1844.02,0.13
17520.0,53,1,546.81,0.68
17521.0,29,3,723.21,0.52
17522.0,1,5,1070.71,0.35
17523.0,10,4,652.74,0.45
17524.0,360,1,145.0,0.82
17525.0,359,1,422.7,0.59
17526.0,4,4,1195.9,0.75
17527.0,53,4,939.37,0.04
17528.0,0,8,3628.5,0.11
17530.0,0,10,2385.0,0.01
17531.0,189,1,296.7,0.66
17534.0,53,1,223.36,0.29
17535.0,279,1,164.4,0.02
17536.0,176,1,76.5,0.61
17537.0,29,2,897.62,0.37
17538.0,25,1,98.42,0.22
17540.0,24,2,578.9,0.65
17542.0,269,1,170.75,0.57
17545.0,42,3,645.96,0.27
17548.0,233,1,103.3,0.77
17549.0,23,2,148.86,0.66
17550.0,196,3,267.16,0.48
17551.0,358,1,306.84,0.8
17552.0,59,4,930.41,0.05
17553.0,129,1,1487.6,0.62
17554.0,0,5,1952.45,0.01
17555.0,19,2,483.26,0.32
17556.0,205,1,157.9,0.62
17557.0,13,3,541.46,0.12
17560.0,94,4,854.95,0.2
17561.0,18,1,167.62,0.6
17562.0,13,7,1122.38,0.05
17564.0,23,3,454.01,0.72
17566.0,7,2,901.21,0.37
17567.0,6,8,4331.48,0.07
17569.0,331,1,344.14,0.71
17571.0,49,4,1498.51,0.25
17572.0,70,4,226.75,0.88
17573.0,28,3,380.6,0.46
17574.0,242,1,185.65,0.74
17576.0,7,19,3622.68,0.03
17578.0,217,1,143.46,0.77
17579.0,4,3,448.9,0.41
17580.0,252,3,215.72,0.28
17581.0,0,25,11045.04,0.0
17582.0,235,1,175.27,0.8
17584.0,6,2,1242.3,0.66
17585.0,108,4,1133.07,0.23
17588.0,99,3,1240.2,0.32
17589.0,59,4,2404.17,0.24
17590.0,1,3,1479.22,0.26
17591.0,72,7,2225.97,0.03
17593.0,3,5,3927.34,0.2
17594.0,84,2,993.18,0.4
17595.0,11,2,388.79,0.57
17596.0,22,7,2827.93,0.0
17597.0,213,1,2044.37,0.72
17600.0,17,1,161.67,0.69
17601.0,238,1,116.01,0.96
17602.0,1,6,5102.97,0.03
17603.0,77,1,394.72,0.44
17604.0,216,2,309.36,0.92
17608.0,32,2,193.42,0.8
17609.0,40,5,1112.22,0.07
17611.0,6,15,3984.22,0.0
17612.0,52,6,2048.45,0.0
17613.0,22,14,4559.15,0.0
17614.0,56,1,390.07,0.55
17615.0,129,3,329.6,0.63
17616.0,173,3,571.2,0.3
17618.0,5,3,971.58,0.34
17619.0,311,1,218.52,0.27
17620.0,59,1,81.44,0.74
17621.0,20,3,1379.9,0.35
17623.0,32,1,527.05,0.28
17624.0,14,2,843.48,0.18
17625.0,17,4,2047.0,0.28
17628.0,80,1,75.75,0.45
17629.0,5,8,1814.12,0.16
17630.0,169,2,503.6,0.74
17631.0,1,3,528.33,0.39
17633.0,30,4,1324.84,0.31
17634.0,35,9,2361.97,0.11
17636.0,18,1,285.56,0.27
17637.0,30,2,547.06,0.25
17639.0,275,1,108.5,0.34
17640.0,86,1,621.66,0.59
17642.0,119,2,712.29,0.47
17643.0,372,1,101.55,0.82
17644.0,0,11,2895.64,0.01
17646.0,218,3,1008.39,0.4
17647.0,64,1,133.06,0.21
17648.0,60,4,1797.5,0.04
17649.0,137,1,868.49,0.45
17650.0,20,1,166.08,0.57
17651.0,11,10,3945.0,0.0
17652.0,24,12,4867.72,0.04
17653.0,36,4,1207.56,0.06
17654.0,276,1,117.55,0.73
17655.0,10,7,2638.94,0.0
17656.0,72,5,1674.69,0.11
17658.0,25,2,595.42,0.68
17659.0,16,12,2999.46,0.0
17660.0,140,1,196.0,0.88
17663.0,25,7,1802.91,0.12
17664.0,18,2,604.64,0.85
17666.0,3,2,728.16,0.26
17667.0,65,5,2055.51,0.05
17668.0,0,2,347.75,0.45
17669.0,42,7,3406.72,0.06
17670.0,227,1,205.7,0.78
17671.0,15,4,1572.71,0.51
17672.0,49,2,3178.17,0.08
17673.0,1,6,1629.12,0.12
17674.0,73,2,551.04,0.39
17675.0,0,31,20374.28,0.0
17676.0,3,6,1387.68,0.02
17677.0,1,30,16363.23,0.0
17678.0,263,1,298.11,0.74
17679.0,52,2,1992.11,0.27
17680.0,23,1,184.4,0.73
17682.0,9,6,2474.33,0.02
17684.0,43,1,239.41,0.93
17685.0,16,7,3191.53,0.01
17686.0,6,7,5739.46,0.04
17690.0,29,15,4757.95,0.0
17691.0,357,2,290.4,0.57
17692.0,126,4,740.94,0.23
17693.0,136,1,200.47,0.99
17694.0,141,1,283.12,0.84
17695.0,131,2,765.34,0.36
17696.0,37,8,2285.71,0.0
17697.0,235,1,338.95,0.9
17698.0,260,1,154.95,0.85
17700.0,16,4,2534.64,0.21
17701.0,252,1,417.95,0.63
17702.0,29,4,1824.37,0.17
17703.0,34,3,798.74,0.43
17704.0,168,2,885.19,0.74
17705.0,2,9,1823.52,0.07
17706.0,3,17,10504.49,0.0
17707.0,184,2,152.4,0.97
17708.0,187,2,267.08,0.18
17709.0,169,1,137.45,0.75
17711.0,10,2,385.1,0.68
17712.0,44,1,522.91,0.27
17714.0,320,1,153.0,0.79
17715.0,200,1,326.4,0.92
17716.0,22,11,5655.99,0.0
17718.0,231,1,139.35,0.8
17719.0,37,15,5396.04,0.01
17720.0,25,4,1195.94,0.08
17722.0,95,4,2424.04,0.08
17723.0,126,6,3276.4,0.31
17724.0,70,3,1033.0,0.2
17725.0,15,11,3439.08,0.0
17727.0,14,1,1060.25,0.17
17728.0,3,3,2876.01,0.17
17730.0,2,13,5298.48,0.0
17731.0,78,4,1240.11,0.1
17732.0,372,1,303.97,0.86
17733.0,38,2,692.19,0.69
17734.0,53,3,700.63,0.15
17735.0,1,19,13110.02,0.0
17736.0,8,3,377.44,0.23
17737.0,8,2,168.24,0.89
17738.0,18,4,1879.05,0.56
17739.0,11,7,2791.35,0.0
17742.0,112,2,355.11,0.41
17744.0,3,6,2322.4,0.0
17746.0,239,1,110.25,0.69
17747.0,112,1,71.4,0.41
17749.0,177,2,674.52,0.44
17750.0,4,9,1797.57,0.02
17752.0,358,1,80.64,0.94
17754.0,0,5,1772.26,0.04
17757.0,0,30,5605.29,0.0
17758.0,18,8,3456.7,0.38
17759.0,16,3,834.99,0.09
17760.0,21,2,287.59,0.27
17761.0,32,1,712.78,0.62
17763.0,262,1,15.0,0.93
17764.0,50,2,818.82,0.22
17765.0,158,3,371.88,0.93
17767.0,14,1,271.2,0.22
17768.0,7,3,2273.18,0.25
17769.0,12,10,3997.98,0.0
17770.0,198,5,1143.27,0.61
17771.0,56,2,245.81,0.22
17772.0,10,2,182.77,0.81
17774.0,96,4,1225.41,0.04
17775.0,254,1,56.4,0.83
17777.0,24,3,665.86,0.56
17779.0,20,3,658.57,0.43
17781.0,158,2,188.02,0.77
17783.0,71,2,283.47,0.34
17785.0,52,1,131.94,0.18
17786.0,84,2,278.74,0.71
17787.0,152,4,1865.19,0.11
17788.0,73,2,1117.9,0.61
17789.0,280,1,225.9,0.57
17790.0,26,14,1965.55,0.0
17791.0,29,1,106.1,0.35
17793.0,24,1,323.04,0.32
17795.0,179,2,350.39,0.57
17796.0,39,4,697.9,0.33
17797.0,21,3,780.43,0.23
17799.0,21,10,3055.93,0.0
17800.0,36,9,1199.01,0.16
17802.0,81,3,1285.04,0.28
17805.0,73,1,512.31,0.26
17806.0,10,1,546.04,0.62
17809.0,15,12,5411.91,0.0
17811.0,3,39,7837.73,0.0
17812.0,12,4,732.16,0.42
17813.0,13,5,1770.88,0.14
17816.0,36,4,36.56,0.75
17817.0,3,3,387.68,0.57
17819.0,71,7,3704.87,0.38
17824.0,50,1,298.4,0.66
17827.0,4,5,1995.46,0.03
17828.0,22,4,1820.09,0.36
17829.0,298,1,889.24,0.56
17830.0,1,3,398.7,0.28
17831.0,32,1,35.4,0.46
17832.0,49,1,155.37,0.68
17835.0,2,3,350.64,0.68
17836.0,46,1,110.21,0.42
17837.0,41,8,1593.38,0.03
17838.0,26,5,2779.3,0.0
17839.0,41,1,338.8,0.67
17841.0,1,124,40991.57,0.0
17843.0,302,1,205.48,0.68
17844.0,106,1,51.56,0.46
17846.0,84,1,2033.1,0.48
17848.0,80,9,901.2,0.39
17849.0,217,4,605.8,0.59
17850.0,371,34,5391.21,0.89
17852.0,11,2,114.34,0.71
17854.0,184,2,311.26,0.47
17855.0,372,1,208.97,0.67
17856.0,1,4,1418.03,0.16
17857.0,3,23,26879.04,0.0
17858.0,5,12,5155.66,0.0
17859.0,304,1,148.21,0.8
17860.0,368,1,252.8,0.86
17861.0,2,8,2100.8,0.01
17862.0,323,1,330.9,0.56
17863.0,58,6,3160.0,0.08
17864.0,12,3,597.5,0.13
17865.0,30,20,10526.32,0.01
17866.0,142,1,329.65,0.95
17867.0,29,6,1197.1,0.13
17869.0,106,5,428.18,0.68
17870.0,1,12,1894.35,0.01
17871.0,204,1,155.9,0.77
17873.0,79,5,1859.16,0.0
17874.0,184,6,683.46,0.63
17877.0,169,1,237.61,0.51
17878.0,43,1,379.45,0.85
17879.0,173,1,178.52,0.58
17880.0,364,1,458.92,0.69
17881.0,303,1,133.35,0.82
17883.0,2,4,671.77,0.84
17884.0,3,4,717.45,0.35
17885.0,11,1,190.19,0.58
17886.0,31,3,899.61,0.32
17887.0,128,1,111.35,0.68
17888.0,20,8,726.05,0.23
17889.0,211,2,203.87,0.94
17890.0,322,2,602.09,0.53
17891.0,161,1,203.86,0.46
17892.0,55,3,244.1,0.5
17893.0,224,1,112.25,0.4
17894.0,71,8,1119.81,0.09
17895.0,43,1,98.0,0.75
17896.0,22,1,256.32,0.36
17897.0,172,3,566.6,0.28
17898.0,84,2,152.06,0.97
17899.0,158,1,155.8,0.8
17900.0,189,2,112.2,0.92
17901.0,28,1,110.38,0.39
17904.0,20,1,191.67,0.64
17905.0,70,4,800.24,0.32
17906.0,246,1,72.9,0.84
17908.0,373,1,243.28,0.94
17911.0,8,1,366.23,0.71
17912.0,309,5,311.01,0.83
17913.0,58,2,411.6,0.36
17914.0,3,1,336.43,0.79
17917.0,44,3,341.28,0.25
17919.0,87,1,1304.04,0.75
17920.0,3,17,4204.1,0.0
17921.0,63,4,826.52,0.08
17923.0,281,1,207.5,0.65
17924.0,11,7,2962.5,0.0
17925.0,372,1,244.08,0.93
17926.0,132,2,397.29,0.46
17928.0,44,2,212.54,0.17
17929.0,10,4,843.0,0.18
17930.0,35,5,1740.48,0.69
17931.0,133,2,408.36,0.49
17932.0,28,3,1331.57,0.53
17934.0,51,2,704.25,0.46
17935.0,137,2,145.79,0.93
17936.0,4,1,389.84,0.68
17937.0,8,7,4301.22,0.04
17939.0,159,1,99.14,0.79
17940.0,48,10,4106.44,0.02
17941.0,130,1,304.56,0.78
17942.0,7,1,77.5,0.37
17946.0,232,2,149.58,0.96
17947.0,36,1,176.68,0.73
17948.0,146,1,358.56,0.96
17949.0,0,45,58510.48,0.0
17950.0,71,3,482.2,0.18
17951.0,39,3,1008.54,0.69
17954.0,4,12,2332.72,0.02
17955.0,198,4,557.3,0.8
17956.0,248,1,12.75,0.88
17957.0,65,1,111.68,0.4
17958.0,116,1,508.46,0.88
17960.0,170,1,73.78,0.66
17961.0,20,39,1296.44,0.02
17962.0,141,1,102.83,0.95
17964.0,31,2,471.7,0.43
17965.0,37,14,2622.57,0.06
17966.0,37,5,1098.43,0.12
17967.0,371,1,123.07,0.84
17968.0,373,1,277.35,0.82
17969.0,165,2,228.2,0.56
17970.0,210,1,582.59,0.94
17972.0,241,1,136.04,0.87
17973.0,51,1,337.04,0.38
17974.0,24,3,740.79,0.6
17975.0,14,13,4488.81,0.0
17976.0,371,1,353.19,0.66
17977.0,28,1,288.14,0.27
17978.0,364,1,300.92,0.74
17979.0,35,4,757.71,0.42
17980.0,165,3,811.45,0.29
17984.0,144,1,152.68,0.71
17985.0,21,1,634.95,0.85
17986.0,55,1,20.8,0.62
17987.0,184,1,198.57,0.67
17988.0,11,7,201.12,0.43
17990.0,236,3,630.84,0.44
17991.0,224,2,93.35,0.94
17994.0,121,4,678.49,0.13
17995.0,281,1,76.1,1.0
17997.0,73,8,1970.67,0.0
17999.0,36,2,382.06,0.31
18001.0,11,2,417.23,0.38
18004.0,361,1,169.47,0.31
18005.0,3,2,249.72,0.41
18006.0,22,1,444.68,0.49
18008.0,69,9,2116.19,0.04
18009.0,234,1,257.34,0.83
18010.0,256,1,174.8,0.84
18011.0,372,1,102.79,0.83
18013.0,154,2,187.29,0.77
18014.0,27,1,166.42,0.77
18015.0,3,1,120.03,0.42
18016.0,31,5,1483.56,0.11
18017.0,80,3,523.0,0.12
18018.0,107,2,122.14,0.91
18019.0,51,1,38.45,0.73
18022.0,35,1,668.11,0.47
18024.0,152,2,389.78,0.88
18027.0,98,1,115.31,0.84
18030.0,3,2,230.65,0.43
18032.0,333,1,73.5,0.94
18033.0,64,1,97.97,0.59
18034.0,21,2,422.88,0.33
18035.0,35,3,730.4,0.51
18036.0,31,3,405.62,0.6
18037.0,153,6,70.02,0.63
18040.0,18,2,357.2,0.41
18041.0,11,21,4183.39,0.0
18042.0,53,1,165.05,0.47
18043.0,24,3,559.51,0.33
18044.0,3,10,2088.6,0.0
18045.0,44,1,189.4,0.43
18048.0,202,2,172.29,0.72
18050.0,358,1,74.4,0.94
18053.0,70,1,300.02,0.81
18055.0,6,10,6784.19,0.0
18056.0,287,1,363.65,0.66
18058.0,9,1,170.16,0.35
18059.0,22,3,306.46,0.61
18061.0,21,10,2119.41,0.0
18062.0,172,3,720.52,0.19
18064.0,132,2,814.0,0.43
18065.0,5,14,2392.83,0.02
18066.0,74,1,318.0,0.77
18067.0,39,1,396.33,0.74
18068.0,288,1,101.7,0.82
18069.0,25,5,2036.67,0.0
18071.0,257,2,453.0,0.57
18072.0,185,1,247.44,0.46
18073.0,113,12,3877.52,0.36
18074.0,373,1,489.6,0.8
18075.0,22,10,2611.75,0.03
18077.0,7,11,2633.01,0.04
18078.0,216,2,336.13,0.85
18079.0,44,4,3651.97,0.14
18080.0,18,2,1231.5,0.18
18081.0,35,3,343.45,0.32
18082.0,25,1,703.37,0.82
18084.0,15,1,90.48,0.5
18085.0,329,2,689.95,0.49
18086.0,273,1,101.34,0.41
18087.0,97,2,4055.72,0.19
18088.0,60,1,167.67,0.47
18092.0,1,11,9068.26,0.0
18093.0,92,4,2106.52,0.04
18094.0,81,7,3017.3,0.28
18095.0,312,2,580.05,0.43
18096.0,11,3,911.15,0.26
18097.0,7,6,2697.8,0.01
18099.0,126,1,168.31,0.71
18101.0,10,2,223.65,0.23
18102.0,0,60,259657.3,0.0
18104.0,36,1,754.64,0.28
18105.0,37,1,113.48,0.85
18106.0,329,1,430.7,0.53
18108.0,253,1,271.0,0.48
18109.0,1,26,8052.97,0.0
18110.0,19,1,236.3,0.45
18112.0,11,2,352.69,0.58
18113.0,368,1,76.32,0.94
18114.0,289,1,220.1,0.27
18116.0,67,8,1418.03,0.02
18117.0,25,1,320.72,0.24
18118.0,10,26,5653.82,0.0
18119.0,367,1,181.12,0.3
18120.0,213,1,111.15,0.55
18121.0,148,2,673.1,0.29
18122.0,7,6,1826.21,0.13
18123.0,23,2,589.44,0.74
18125.0,29,4,1142.99,0.14
18126.0,60,1,206.83,0.22
18127.0,18,3,348.73,0.8
18129.0,242,1,112.55,0.83
18130.0,14,3,1059.39,0.1
18133.0,211,1,931.5,0.84
18135.0,28,5,681.91,0.23
18136.0,62,3,784.33,0.27
18138.0,294,1,152.65,0.79
18139.0,17,6,8438.34,0.22
18142.0,156,2,1019.52,0.48
18143.0,116,2,1000.16,0.35
18144.0,7,12,2888.75,0.0
18145.0,12,4,2861.55,0.2
18146.0,140,2,160.35,0.91
18147.0,45,2,179.34,0.77
18149.0,50,3,612.08,0.25
18150.0,31,3,566.58,0.48
18151.0,134,2,653.35,0.41
18154.0,2,2,399.19,0.31
18155.0,74,3,371.62,0.49
18156.0,12,2,734.94,0.3
18158.0,8,2,453.4,0.37
18159.0,300,1,530.15,0.81
18160.0,56,2,638.06,0.79
18161.0,14,5,1618.69,0.13
18164.0,36,1,399.65,0.38
18165.0,176,1,302.46,0.43
18167.0,22,3,1384.86,0.27
18168.0,175,6,1169.94,0.35
18169.0,60,1,202.65,0.12
18170.0,32,3,980.31,0.52
18171.0,58,5,1231.31,0.02
18172.0,14,20,7561.68,0.0
18173.0,86,4,2106.84,0.15
18174.0,6,1,104.0,0.41
18176.0,357,1,476.35,0.67
18177.0,30,6,1341.42,0.1
18178.0,128,4,1590.81,0.27
18179.0,8,6,1793.17,0.09
18180.0,4,6,1843.75,0.06
18181.0,23,1,382.8,0.76
18183.0,226,2,632.07,0.83
18184.0,14,1,49.8,0.69
18185.0,248,1,304.25,0.52
18188.0,14,3,2001.04,0.14
18189.0,77,2,1090.24,0.43
18190.0,191,2,284.46,0.3
18191.0,261,1,207.8,0.75
18192.0,71,1,957.97,0.61
18193.0,164,1,243.76,0.55
18194.0,81,1,973.84,0.7
18196.0,94,2,689.13,0.2
18198.0,3,17,5425.56,0.0
18200.0,105,1,163.8,0.44
18202.0,199,3,1396.99,0.37
18203.0,156,1,160.42,0.73
18204.0,70,3,1993.7,0.07
18205.0,35,2,517.36,0.45
18209.0,28,1,139.1,0.57
18210.0,1,6,2621.38,0.0
18211.0,25,5,600.07,0.31
18212.0,325,1,248.42,0.94
18213.0,236,1,232.48,0.92
18215.0,88,1,299.34,0.5
18216.0,30,1,481.75,0.27
18217.0,28,2,621.75,0.77
18218.0,210,2,662.08,0.67
18219.0,2,10,2069.77,0.0
18220.0,226,1,305.28,0.6
18221.0,21,5,1041.61,0.02
18222.0,92,1,443.0,0.11
18223.0,4,14,6484.54,0.0
18224.0,263,1,158.95,0.85
18225.0,2,12,5509.12,0.0
18226.0,43,11,5228.05,0.0
18227.0,217,1,93.75,0.91
18228.0,56,2,779.9,0.21
18229.0,11,20,7276.9,0.0
18230.0,8,7,2810.2,0.0
18231.0,191,5,2083.27,0.46
18232.0,81,4,592.97,0.69
18233.0,325,1,440.0,0.56
18235.0,71,3,1796.48,0.12
18236.0,29,6,882.24,0.14
18237.0,2,5,987.1,0.29
18239.0,218,5,1561.61,0.59
18240.0,45,1,422.58,0.47
18241.0,9,17,2073.09,0.0
18242.0,71,4,2232.49,0.15
18245.0,6,7,2567.06,0.02
18246.0,23,2,596.1,0.75
18248.0,122,2,804.02,0.33
18249.0,16,1,95.34,0.47
18250.0,309,1,349.27,0.84
18251.0,86,1,4314.72,0.47
18252.0,50,2,526.67,0.53
18255.0,88,1,103.3,0.66
18257.0,38,8,2337.63,0.0
18259.0,24,3,2338.6,0.44
18260.0,172,6,2643.2,0.17
18261.0,42,2,324.24,0.67
18262.0,139,1,149.48,0.94
18263.0,25,3,1213.16,0.34
18265.0,71,2,801.51,0.11
18268.0,133,1,25.5,0.84
18269.0,365,1,168.6,0.31
18270.0,37,2,283.15,0.4
18272.0,2,6,3078.58,0.23
18273.0,1,3,204.0,0.49
18274.0,29,1,175.92,0.71
18276.0,43,1,335.86,0.72
18277.0,57,1,110.38,0.12
18278.0,73,1,173.9,0.47
18280.0,277,1,180.6,0.79
18281.0,180,1,80.82,0.38
18282.0,7,2,178.05,0.86
18283.0,3,16,2094.88,0.0
18287.0,42,3,1837.28,0.21
